MarketKey,LastUpdate,Name,Description,Price,Point,AdjustedPoint,Probability,Score,FantasyScorePoint,MeanFantasyScore,FinalProjectedFPS
batter_home_runs,2023-08-03T23:08:18Z,Over,Aaron Judge,165,0.5,1,0.377358491,4,1.509433962,1.505485607,5.874764954
batter_home_runs,2023-08-03T23:08:54Z,Over,Aaron Judge,200,0.5,1,0.333333333,4,1.333333333,1.505485607,5.874764954
batter_home_runs,2023-08-03T23:08:24Z,Over,Aaron Judge,140,0.5,1,0.416666667,4,1.666666667,1.505485607,5.874764954
batter_home_runs,2023-08-03T23:10:49Z,Over,Aaron Judge,175,0.5,1,0.363636364,4,1.454545455,1.505485607,5.874764954
batter_home_runs,2023-08-03T23:11:33Z,Over,Aaron Judge,188,0.5,1,0.347222222,4,1.388888889,1.505485607,5.874764954
batter_home_runs,2023-08-03T23:08:27Z,Over,Aaron Judge,188,0.5,1,0.347222222,4,1.388888889,1.505485607,5.874764954
batter_home_runs,2023-08-03T23:08:40Z,Over,Aaron Judge,150,0.5,1,0.4,4,1.6,1.505485607,5.874764954
batter_home_runs,2023-08-03T23:08:19Z,Over,Aaron Judge,135,0.5,1,0.425531915,4,1.70212766,1.505485607,5.874764954
batter_singles,2023-08-03T23:08:18Z,Over,Aaron Judge,220,0.5,1,0.3125,2.5,0.78125,0.867282163,5.874764954
batter_singles,2023-08-03T23:08:54Z,Over,Aaron Judge,130,0.5,1,0.434782609,2.5,1.086956522,0.867282163,5.874764954
batter_singles,2023-08-03T23:08:24Z,Over,Aaron Judge,220,0.5,1,0.3125,2.5,0.78125,0.867282163,5.874764954
batter_singles,2023-08-03T23:08:19Z,Over,Aaron Judge,205,0.5,1,0.327868852,2.5,0.819672131,0.867282163,5.874764954
batter_doubles,2023-08-03T23:08:18Z,Over,Aaron Judge,500,0.5,1,0.166666667,3,0.5,0.528237463,5.874764954
batter_doubles,2023-08-03T23:08:54Z,Over,Aaron Judge,550,0.5,1,0.153846154,3,0.461538462,0.528237463,5.874764954
batter_doubles,2023-08-03T23:08:24Z,Over,Aaron Judge,475,0.5,1,0.173913043,3,0.52173913,0.528237463,5.874764954
batter_doubles,2023-08-03T23:11:33Z,Over,Aaron Judge,450,0.5,1,0.181818182,3,0.545454545,0.528237463,5.874764954
batter_doubles,2023-08-03T23:08:27Z,Over,Aaron Judge,450,0.5,1,0.181818182,3,0.545454545,0.528237463,5.874764954
batter_doubles,2023-08-03T23:08:19Z,Over,Aaron Judge,404,0.5,1,0.198412698,3,0.595238095,0.528237463,5.874764954
batter_runs_scored,2023-08-03T23:08:18Z,Over,Aaron Judge,-200,0.5,1,0.666666667,2,1.333333333,1.283724535,5.874764954
batter_runs_scored,2023-08-03T23:08:54Z,Over,Aaron Judge,550,2.5,3,0.153846154,2,0.923076923,1.283724535,5.874764954
batter_runs_scored,2023-08-03T23:08:54Z,Over,Aaron Judge,-165,0.5,1,0.622641509,2,1.245283019,1.283724535,5.874764954
batter_runs_scored,2023-08-03T23:08:54Z,Over,Aaron Judge,160,1.5,2,0.384615385,2,1.538461538,1.283724535,5.874764954
batter_runs_scored,2023-08-03T23:08:40Z,Over,Aaron Judge,-200,0.5,1,0.666666667,2,1.333333333,1.283724535,5.874764954
batter_runs_scored,2023-08-03T23:08:19Z,Over,Aaron Judge,-198,0.5,1,0.66442953,2,1.32885906,1.283724535,5.874764954
batter_walks,2023-08-03T23:08:18Z,Over,Aaron Judge,-180,0.5,1,0.642857143,2,1.285714286,1.285714286,5.874764954
batter_strikeouts,2023-08-03T23:08:18Z,Over,Aaron Judge,145,1.5,2,0.408163265,-1,-0.816326531,-0.816326531,5.874764954
batter_stolen_bases,2023-08-03T23:08:18Z,Over,Aaron Judge,750,0.5,1,0.117647059,3,0.352941176,0.370136107,5.874764954
batter_stolen_bases,2023-08-03T23:08:54Z,Over,Aaron Judge,710,0.5,1,0.12345679,3,0.37037037,0.370136107,5.874764954
batter_stolen_bases,2023-08-03T23:08:24Z,Over,Aaron Judge,675,0.5,1,0.129032258,3,0.387096774,0.370136107,5.874764954
batter_rbis,2023-08-03T23:08:18Z,Over,Aaron Judge,100,0.5,1,0.5,2,1,0.850511324,5.874764954
batter_rbis,2023-08-03T23:08:54Z,Over,Aaron Judge,360,1.5,2,0.217391304,2,0.869565217,0.850511324,5.874764954
batter_rbis,2023-08-03T23:08:54Z,Over,Aaron Judge,1000,2.5,3,0.090909091,2,0.545454545,0.850511324,5.874764954
batter_rbis,2023-08-03T23:08:54Z,Over,Aaron Judge,2700,3.5,4,0.035714286,2,0.285714286,0.850511324,5.874764954
batter_rbis,2023-08-03T23:08:54Z,Over,Aaron Judge,110,0.5,1,0.476190476,2,0.952380952,0.850511324,5.874764954
batter_rbis,2023-08-03T23:08:24Z,Over,Aaron Judge,100,0.5,1,0.5,2,1,0.850511324,5.874764954
batter_rbis,2023-08-03T23:11:33Z,Over,Aaron Judge,120,0.5,1,0.454545455,2,0.909090909,0.850511324,5.874764954
batter_rbis,2023-08-03T23:08:27Z,Over,Aaron Judge,120,0.5,1,0.454545455,2,0.909090909,0.850511324,5.874764954
batter_rbis,2023-08-03T23:08:40Z,Over,Aaron Judge,100,0.5,1,0.5,2,1,0.850511324,5.874764954
batter_rbis,2023-08-03T23:08:19Z,Over,Aaron Judge,-107,0.5,1,0.516908213,2,1.033816425,0.850511324,5.874764954
batter_home_runs,2023-08-03T23:08:18Z,Over,Alex Bregman,600,0.5,1,0.142857143,4,0.571428571,0.613882784,4.443405416
batter_home_runs,2023-08-03T23:08:54Z,Over,Alex Bregman,500,0.5,1,0.166666667,4,0.666666667,0.613882784,4.443405416
batter_home_runs,2023-08-03T23:08:24Z,Over,Alex Bregman,525,0.5,1,0.16,4,0.64,0.613882784,4.443405416
batter_home_runs,2023-08-03T23:10:49Z,Over,Alex Bregman,600,0.5,1,0.142857143,4,0.571428571,0.613882784,4.443405416
batter_home_runs,2023-08-03T23:11:33Z,Over,Alex Bregman,550,0.5,1,0.153846154,4,0.615384615,0.613882784,4.443405416
batter_home_runs,2023-08-03T23:08:27Z,Over,Alex Bregman,550,0.5,1,0.153846154,4,0.615384615,0.613882784,4.443405416
batter_home_runs,2023-08-03T23:08:40Z,Over,Alex Bregman,550,0.5,1,0.153846154,4,0.615384615,0.613882784,4.443405416
batter_home_runs,2023-08-03T23:08:19Z,Over,Alex Bregman,550,0.5,1,0.153846154,4,0.615384615,0.613882784,4.443405416
batter_singles,2023-08-03T23:08:18Z,Over,Alex Bregman,100,0.5,1,0.5,2.5,1.25,1.293854929,4.443405416
batter_singles,2023-08-03T23:08:54Z,Over,Alex Bregman,-130,0.5,1,0.565217391,2.5,1.413043478,1.293854929,4.443405416
batter_singles,2023-08-03T23:08:24Z,Over,Alex Bregman,100,0.5,1,0.5,2.5,1.25,1.293854929,4.443405416
batter_singles,2023-08-03T23:08:19Z,Over,Alex Bregman,-102,0.5,1,0.504950495,2.5,1.262376238,1.293854929,4.443405416
batter_doubles,2023-08-03T23:08:18Z,Over,Alex Bregman,380,0.5,1,0.208333333,3,0.625,0.592083269,4.443405416
batter_doubles,2023-08-03T23:08:54Z,Over,Alex Bregman,440,0.5,1,0.185185185,3,0.555555556,0.592083269,4.443405416
batter_doubles,2023-08-03T23:08:24Z,Over,Alex Bregman,375,0.5,1,0.210526316,3,0.631578947,0.592083269,4.443405416
batter_doubles,2023-08-03T23:11:33Z,Over,Alex Bregman,480,0.5,1,0.172413793,3,0.517241379,0.592083269,4.443405416
batter_doubles,2023-08-03T23:08:27Z,Over,Alex Bregman,480,0.5,1,0.172413793,3,0.517241379,0.592083269,4.443405416
batter_doubles,2023-08-03T23:08:19Z,Over,Alex Bregman,325,0.5,1,0.235294118,3,0.705882353,0.592083269,4.443405416
batter_triples,2023-08-03T23:08:24Z,Over,Alex Bregman,2500,0.5,1,0.038461538,3.5,0.134615385,0.134615385,4.443405416
batter_runs_scored,2023-08-03T23:08:18Z,Over,Alex Bregman,120,0.5,1,0.454545455,2,0.909090909,0.888031771,4.443405416
batter_runs_scored,2023-08-03T23:08:54Z,Over,Alex Bregman,1200,2.5,3,0.076923077,2,0.461538462,0.888031771,4.443405416
batter_runs_scored,2023-08-03T23:08:54Z,Over,Alex Bregman,-115,0.5,1,0.534883721,2,1.069767442,0.888031771,4.443405416
batter_runs_scored,2023-08-03T23:08:54Z,Over,Alex Bregman,330,1.5,2,0.23255814,2,0.930232558,0.888031771,4.443405416
batter_runs_scored,2023-08-03T23:11:33Z,Over,Alex Bregman,108,0.5,1,0.480769231,2,0.961538462,0.888031771,4.443405416
batter_runs_scored,2023-08-03T23:08:27Z,Over,Alex Bregman,108,0.5,1,0.480769231,2,0.961538462,0.888031771,4.443405416
batter_runs_scored,2023-08-03T23:08:40Z,Over,Alex Bregman,125,0.5,1,0.444444444,2,0.888888889,0.888031771,4.443405416
batter_runs_scored,2023-08-03T23:08:19Z,Over,Alex Bregman,117,0.5,1,0.460829493,2,0.921658986,0.888031771,4.443405416
batter_walks,2023-08-03T23:08:18Z,Over,Alex Bregman,140,0.5,1,0.416666667,2,0.833333333,0.833333333,4.443405416
batter_strikeouts,2023-08-03T23:08:18Z,Over,Alex Bregman,-135,0.5,1,0.574468085,-1,-0.574468085,-0.574468085,4.443405416
batter_rbis,2023-08-03T23:08:18Z,Over,Alex Bregman,160,0.5,1,0.384615385,2,0.769230769,0.66207203,4.443405416
batter_rbis,2023-08-03T23:08:54Z,Over,Alex Bregman,500,1.5,2,0.166666667,2,0.666666667,0.66207203,4.443405416
batter_rbis,2023-08-03T23:08:54Z,Over,Alex Bregman,1400,2.5,3,0.066666667,2,0.4,0.66207203,4.443405416
batter_rbis,2023-08-03T23:08:54Z,Over,Alex Bregman,4100,3.5,4,0.023809524,2,0.19047619,0.66207203,4.443405416
batter_rbis,2023-08-03T23:08:54Z,Over,Alex Bregman,140,0.5,1,0.416666667,2,0.833333333,0.66207203,4.443405416
batter_rbis,2023-08-03T23:08:24Z,Over,Alex Bregman,175,0.5,1,0.363636364,2,0.727272727,0.66207203,4.443405416
batter_rbis,2023-08-03T23:11:33Z,Over,Alex Bregman,155,0.5,1,0.392156863,2,0.784313725,0.66207203,4.443405416
batter_rbis,2023-08-03T23:08:27Z,Over,Alex Bregman,155,0.5,1,0.392156863,2,0.784313725,0.66207203,4.443405416
batter_rbis,2023-08-03T23:08:40Z,Over,Alex Bregman,185,0.5,1,0.350877193,2,0.701754386,0.66207203,4.443405416
batter_rbis,2023-08-03T23:08:19Z,Over,Alex Bregman,162,0.5,1,0.381679389,2,0.763358779,0.66207203,4.443405416
batter_home_runs,2023-08-03T23:08:18Z,Over,Anthony Volpe,550,0.5,1,0.153846154,4,0.615384615,0.582967033,4.193265555
batter_home_runs,2023-08-03T23:08:54Z,Over,Anthony Volpe,680,0.5,1,0.128205128,4,0.512820513,0.582967033,4.193265555
batter_home_runs,2023-08-03T23:08:24Z,Over,Anthony Volpe,500,0.5,1,0.166666667,4,0.666666667,0.582967033,4.193265555
batter_home_runs,2023-08-03T23:10:49Z,Over,Anthony Volpe,600,0.5,1,0.142857143,4,0.571428571,0.582967033,4.193265555
batter_home_runs,2023-08-03T23:11:33Z,Over,Anthony Volpe,650,0.5,1,0.133333333,4,0.533333333,0.582967033,4.193265555
batter_home_runs,2023-08-03T23:08:27Z,Over,Anthony Volpe,650,0.5,1,0.133333333,4,0.533333333,0.582967033,4.193265555
batter_home_runs,2023-08-03T23:08:40Z,Over,Anthony Volpe,550,0.5,1,0.153846154,4,0.615384615,0.582967033,4.193265555
batter_home_runs,2023-08-03T23:08:19Z,Over,Anthony Volpe,550,0.5,1,0.153846154,4,0.615384615,0.582967033,4.193265555
batter_singles,2023-08-03T23:08:18Z,Over,Anthony Volpe,150,0.5,1,0.4,2.5,1,1.02173913,4.193265555
batter_singles,2023-08-03T23:08:54Z,Over,Anthony Volpe,150,0.5,1,0.4,2.5,1,1.02173913,4.193265555
batter_singles,2023-08-03T23:08:24Z,Over,Anthony Volpe,150,0.5,1,0.4,2.5,1,1.02173913,4.193265555
batter_singles,2023-08-03T23:08:19Z,Over,Anthony Volpe,130,0.5,1,0.434782609,2.5,1.086956522,1.02173913,4.193265555
batter_doubles,2023-08-03T23:08:18Z,Over,Anthony Volpe,550,0.5,1,0.153846154,3,0.461538462,0.474202314,4.193265555
batter_doubles,2023-08-03T23:08:54Z,Over,Anthony Volpe,700,0.5,1,0.125,3,0.375,0.474202314,4.193265555
batter_doubles,2023-08-03T23:08:24Z,Over,Anthony Volpe,525,0.5,1,0.16,3,0.48,0.474202314,4.193265555
batter_doubles,2023-08-03T23:08:19Z,Over,Anthony Volpe,417,0.5,1,0.193423598,3,0.580270793,0.474202314,4.193265555
batter_triples,2023-08-03T23:08:54Z,Over,Anthony Volpe,3000,0.5,1,0.032258065,3.5,0.112903226,0.132538569,4.193265555
batter_triples,2023-08-03T23:08:24Z,Over,Anthony Volpe,2200,0.5,1,0.043478261,3.5,0.152173913,0.132538569,4.193265555
batter_runs_scored,2023-08-03T23:08:18Z,Over,Anthony Volpe,145,0.5,1,0.408163265,2,0.816326531,0.681062757,4.193265555
batter_runs_scored,2023-08-03T23:08:54Z,Over,Anthony Volpe,2600,2.5,3,0.037037037,2,0.222222222,0.681062757,4.193265555
batter_runs_scored,2023-08-03T23:08:54Z,Over,Anthony Volpe,170,0.5,1,0.37037037,2,0.740740741,0.681062757,4.193265555
batter_runs_scored,2023-08-03T23:08:54Z,Over,Anthony Volpe,550,1.5,2,0.153846154,2,0.615384615,0.681062757,4.193265555
batter_runs_scored,2023-08-03T23:08:40Z,Over,Anthony Volpe,140,0.5,1,0.416666667,2,0.833333333,0.681062757,4.193265555
batter_runs_scored,2023-08-03T23:08:19Z,Over,Anthony Volpe,133,0.5,1,0.429184549,2,0.858369099,0.681062757,4.193265555
batter_walks,2023-08-03T23:08:18Z,Over,Anthony Volpe,210,0.5,1,0.322580645,2,0.64516129,0.64516129,4.193265555
batter_strikeouts,2023-08-03T23:08:18Z,Over,Anthony Volpe,195,1.5,2,0.338983051,-1,-0.677966102,-0.677966102,4.193265555
batter_stolen_bases,2023-08-03T23:08:18Z,Over,Anthony Volpe,280,0.5,1,0.263157895,3,0.789473684,0.820861548,4.193265555
batter_stolen_bases,2023-08-03T23:08:54Z,Over,Anthony Volpe,270,0.5,1,0.27027027,3,0.810810811,0.820861548,4.193265555
batter_stolen_bases,2023-08-03T23:08:24Z,Over,Anthony Volpe,210,0.5,1,0.322580645,3,0.967741935,0.820861548,4.193265555
batter_stolen_bases,2023-08-03T23:11:33Z,Over,Anthony Volpe,300,0.5,1,0.25,3,0.75,0.820861548,4.193265555
batter_stolen_bases,2023-08-03T23:08:27Z,Over,Anthony Volpe,300,0.5,1,0.25,3,0.75,0.820861548,4.193265555
batter_stolen_bases,2023-08-03T23:08:40Z,Over,Anthony Volpe,250,0.5,1,0.285714286,3,0.857142857,0.820861548,4.193265555
batter_rbis,2023-08-03T23:08:18Z,Over,Anthony Volpe,200,0.5,1,0.333333333,2,0.666666667,0.512699016,4.193265555
batter_rbis,2023-08-03T23:08:54Z,Over,Anthony Volpe,900,1.5,2,0.1,2,0.4,0.512699016,4.193265555
batter_rbis,2023-08-03T23:08:54Z,Over,Anthony Volpe,2800,2.5,3,0.034482759,2,0.206896552,0.512699016,4.193265555
batter_rbis,2023-08-03T23:08:54Z,Over,Anthony Volpe,9500,3.5,4,0.010416667,2,0.083333333,0.512699016,4.193265555
batter_rbis,2023-08-03T23:08:54Z,Over,Anthony Volpe,240,0.5,1,0.294117647,2,0.588235294,0.512699016,4.193265555
batter_rbis,2023-08-03T23:08:24Z,Over,Anthony Volpe,210,0.5,1,0.322580645,2,0.64516129,0.512699016,4.193265555
batter_rbis,2023-08-03T23:11:33Z,Over,Anthony Volpe,230,0.5,1,0.303030303,2,0.606060606,0.512699016,4.193265555
batter_rbis,2023-08-03T23:08:27Z,Over,Anthony Volpe,230,0.5,1,0.303030303,2,0.606060606,0.512699016,4.193265555
batter_rbis,2023-08-03T23:08:40Z,Over,Anthony Volpe,215,0.5,1,0.317460317,2,0.634920635,0.512699016,4.193265555
batter_rbis,2023-08-03T23:08:19Z,Over,Anthony Volpe,190,0.5,1,0.344827586,2,0.689655172,0.512699016,4.193265555
batter_home_runs,2023-08-03T23:08:18Z,Over,Ben Rortvedt,850,0.5,1,0.105263158,4,0.421052632,0.462598501,3.320598987
batter_home_runs,2023-08-03T23:08:54Z,Over,Ben Rortvedt,630,0.5,1,0.136986301,4,0.547945205,0.462598501,3.320598987
batter_home_runs,2023-08-03T23:08:24Z,Over,Ben Rortvedt,625,0.5,1,0.137931034,4,0.551724138,0.462598501,3.320598987
batter_home_runs,2023-08-03T23:10:49Z,Over,Ben Rortvedt,1050,0.5,1,0.086956522,4,0.347826087,0.462598501,3.320598987
batter_home_runs,2023-08-03T23:08:19Z,Over,Ben Rortvedt,800,0.5,1,0.111111111,4,0.444444444,0.462598501,3.320598987
batter_singles,2023-08-03T23:08:18Z,Over,Ben Rortvedt,160,0.5,1,0.384615385,2.5,0.961538462,1.007610402,3.320598987
batter_singles,2023-08-03T23:08:54Z,Over,Ben Rortvedt,130,0.5,1,0.434782609,2.5,1.086956522,1.007610402,3.320598987
batter_singles,2023-08-03T23:08:24Z,Over,Ben Rortvedt,160,0.5,1,0.384615385,2.5,0.961538462,1.007610402,3.320598987
batter_singles,2023-08-03T23:08:19Z,Over,Ben Rortvedt,145,0.5,1,0.408163265,2.5,1.020408163,1.007610402,3.320598987
batter_doubles,2023-08-03T23:08:18Z,Over,Ben Rortvedt,600,0.5,1,0.142857143,3,0.428571429,0.453962097,3.320598987
batter_doubles,2023-08-03T23:08:54Z,Over,Ben Rortvedt,550,0.5,1,0.153846154,3,0.461538462,0.453962097,3.320598987
batter_doubles,2023-08-03T23:08:24Z,Over,Ben Rortvedt,625,0.5,1,0.137931034,3,0.413793103,0.453962097,3.320598987
batter_doubles,2023-08-03T23:08:19Z,Over,Ben Rortvedt,486,0.5,1,0.170648464,3,0.511945392,0.453962097,3.320598987
batter_triples,2023-08-03T23:08:24Z,Over,Ben Rortvedt,2200,0.5,1,0.043478261,3.5,0.152173913,0.152173913,3.320598987
batter_runs_scored,2023-08-03T23:08:18Z,Over,Ben Rortvedt,175,0.5,1,0.363636364,2,0.727272727,0.639482323,3.320598987
batter_runs_scored,2023-08-03T23:08:54Z,Over,Ben Rortvedt,2600,2.5,3,0.037037037,2,0.222222222,0.639482323,3.320598987
batter_runs_scored,2023-08-03T23:08:54Z,Over,Ben Rortvedt,150,0.5,1,0.4,2,0.8,0.639482323,3.320598987
batter_runs_scored,2023-08-03T23:08:54Z,Over,Ben Rortvedt,500,1.5,2,0.166666667,2,0.666666667,0.639482323,3.320598987
batter_runs_scored,2023-08-03T23:08:19Z,Over,Ben Rortvedt,156,0.5,1,0.390625,2,0.78125,0.639482323,3.320598987
batter_walks,2023-08-03T23:08:18Z,Over,Ben Rortvedt,205,0.5,1,0.327868852,2,0.655737705,0.655737705,3.320598987
batter_strikeouts,2023-08-03T23:08:18Z,Over,Ben Rortvedt,-220,0.5,1,0.6875,-1,-0.6875,-0.6875,3.320598987
batter_stolen_bases,2023-08-03T23:08:24Z,Over,Ben Rortvedt,1400,0.5,1,0.066666667,3,0.2,0.2,3.320598987
batter_rbis,2023-08-03T23:08:18Z,Over,Ben Rortvedt,260,0.5,1,0.277777778,2,0.555555556,0.436534046,3.320598987
batter_rbis,2023-08-03T23:08:54Z,Over,Ben Rortvedt,900,1.5,2,0.1,2,0.4,0.436534046,3.320598987
batter_rbis,2023-08-03T23:08:54Z,Over,Ben Rortvedt,2700,2.5,3,0.035714286,2,0.214285714,0.436534046,3.320598987
batter_rbis,2023-08-03T23:08:54Z,Over,Ben Rortvedt,8500,3.5,4,0.011627907,2,0.093023256,0.436534046,3.320598987
batter_rbis,2023-08-03T23:08:54Z,Over,Ben Rortvedt,230,0.5,1,0.303030303,2,0.606060606,0.436534046,3.320598987
batter_rbis,2023-08-03T23:08:24Z,Over,Ben Rortvedt,250,0.5,1,0.285714286,2,0.571428571,0.436534046,3.320598987
batter_rbis,2023-08-03T23:08:19Z,Over,Ben Rortvedt,225,0.5,1,0.307692308,2,0.615384615,0.436534046,3.320598987
batter_home_runs,2023-08-03T23:08:18Z,Over,Billy McKinney,550,0.5,1,0.153846154,4,0.615384615,0.588104897,3.815132755
batter_home_runs,2023-08-03T23:08:54Z,Over,Billy McKinney,540,0.5,1,0.15625,4,0.625,0.588104897,3.815132755
batter_home_runs,2023-08-03T23:08:24Z,Over,Billy McKinney,475,0.5,1,0.173913043,4,0.695652174,0.588104897,3.815132755
batter_home_runs,2023-08-03T23:11:33Z,Over,Billy McKinney,700,0.5,1,0.125,4,0.5,0.588104897,3.815132755
batter_home_runs,2023-08-03T23:08:27Z,Over,Billy McKinney,700,0.5,1,0.125,4,0.5,0.588104897,3.815132755
batter_home_runs,2023-08-03T23:08:19Z,Over,Billy McKinney,575,0.5,1,0.148148148,4,0.592592593,0.588104897,3.815132755
batter_singles,2023-08-03T23:08:18Z,Over,Billy McKinney,155,0.5,1,0.392156863,2.5,0.980392157,1.023075897,3.815132755
batter_singles,2023-08-03T23:08:54Z,Over,Billy McKinney,125,0.5,1,0.444444444,2.5,1.111111111,1.023075897,3.815132755
batter_singles,2023-08-03T23:08:24Z,Over,Billy McKinney,155,0.5,1,0.392156863,2.5,0.980392157,1.023075897,3.815132755
batter_singles,2023-08-03T23:08:19Z,Over,Billy McKinney,145,0.5,1,0.408163265,2.5,1.020408163,1.023075897,3.815132755
batter_doubles,2023-08-03T23:08:18Z,Over,Billy McKinney,500,0.5,1,0.166666667,3,0.5,0.498809524,3.815132755
batter_doubles,2023-08-03T23:08:54Z,Over,Billy McKinney,650,0.5,1,0.133333333,3,0.4,0.498809524,3.815132755
batter_doubles,2023-08-03T23:08:24Z,Over,Billy McKinney,500,0.5,1,0.166666667,3,0.5,0.498809524,3.815132755
batter_doubles,2023-08-03T23:08:19Z,Over,Billy McKinney,404,0.5,1,0.198412698,3,0.595238095,0.498809524,3.815132755
batter_triples,2023-08-03T23:08:54Z,Over,Billy McKinney,3900,0.5,1,0.025,3.5,0.0875,0.13125,3.815132755
batter_triples,2023-08-03T23:08:24Z,Over,Billy McKinney,1900,0.5,1,0.05,3.5,0.175,0.13125,3.815132755
batter_runs_scored,2023-08-03T23:08:18Z,Over,Billy McKinney,150,0.5,1,0.4,2,0.8,0.715090362,3.815132755
batter_runs_scored,2023-08-03T23:08:54Z,Over,Billy McKinney,2200,2.5,3,0.043478261,2,0.260869565,0.715090362,3.815132755
batter_runs_scored,2023-08-03T23:08:54Z,Over,Billy McKinney,145,0.5,1,0.408163265,2,0.816326531,0.715090362,3.815132755
batter_runs_scored,2023-08-03T23:08:54Z,Over,Billy McKinney,460,1.5,2,0.178571429,2,0.714285714,0.715090362,3.815132755
batter_runs_scored,2023-08-03T23:11:33Z,Over,Billy McKinney,175,0.5,1,0.363636364,2,0.727272727,0.715090362,3.815132755
batter_runs_scored,2023-08-03T23:08:27Z,Over,Billy McKinney,175,0.5,1,0.363636364,2,0.727272727,0.715090362,3.815132755
batter_runs_scored,2023-08-03T23:08:40Z,Over,Billy McKinney,145,0.5,1,0.408163265,2,0.816326531,0.715090362,3.815132755
batter_runs_scored,2023-08-03T23:08:19Z,Over,Billy McKinney,133,0.5,1,0.429184549,2,0.858369099,0.715090362,3.815132755
batter_walks,2023-08-03T23:08:18Z,Over,Billy McKinney,145,0.5,1,0.408163265,2,0.816326531,0.816326531,3.815132755
batter_strikeouts,2023-08-03T23:08:18Z,Over,Billy McKinney,-280,0.5,1,0.736842105,-1,-0.736842105,-0.736842105,3.815132755
batter_stolen_bases,2023-08-03T23:08:24Z,Over,Billy McKinney,1150,0.5,1,0.08,3,0.24,0.24,3.815132755
batter_rbis,2023-08-03T23:08:18Z,Over,Billy McKinney,210,0.5,1,0.322580645,2,0.64516129,0.539317651,3.815132755
batter_rbis,2023-08-03T23:08:54Z,Over,Billy McKinney,650,1.5,2,0.133333333,2,0.533333333,0.539317651,3.815132755
batter_rbis,2023-08-03T23:08:54Z,Over,Billy McKinney,1900,2.5,3,0.05,2,0.3,0.539317651,3.815132755
batter_rbis,2023-08-03T23:08:54Z,Over,Billy McKinney,5000,3.5,4,0.019607843,2,0.156862745,0.539317651,3.815132755
batter_rbis,2023-08-03T23:08:54Z,Over,Billy McKinney,190,0.5,1,0.344827586,2,0.689655172,0.539317651,3.815132755
batter_rbis,2023-08-03T23:08:24Z,Over,Billy McKinney,210,0.5,1,0.322580645,2,0.64516129,0.539317651,3.815132755
batter_rbis,2023-08-03T23:11:33Z,Over,Billy McKinney,235,0.5,1,0.298507463,2,0.597014925,0.539317651,3.815132755
batter_rbis,2023-08-03T23:08:27Z,Over,Billy McKinney,235,0.5,1,0.298507463,2,0.597014925,0.539317651,3.815132755
batter_rbis,2023-08-03T23:08:19Z,Over,Billy McKinney,190,0.5,1,0.344827586,2,0.689655172,0.539317651,3.815132755
batter_home_runs,2023-08-03T23:08:18Z,Over,Chas McCormick,600,0.5,1,0.142857143,4,0.571428571,0.574362093,3.882140232
batter_home_runs,2023-08-03T23:08:54Z,Over,Chas McCormick,520,0.5,1,0.161290323,4,0.64516129,0.574362093,3.882140232
batter_home_runs,2023-08-03T23:08:24Z,Over,Chas McCormick,575,0.5,1,0.148148148,4,0.592592593,0.574362093,3.882140232
batter_home_runs,2023-08-03T23:10:49Z,Over,Chas McCormick,600,0.5,1,0.142857143,4,0.571428571,0.574362093,3.882140232
batter_home_runs,2023-08-03T23:11:33Z,Over,Chas McCormick,600,0.5,1,0.142857143,4,0.571428571,0.574362093,3.882140232
batter_home_runs,2023-08-03T23:08:27Z,Over,Chas McCormick,600,0.5,1,0.142857143,4,0.571428571,0.574362093,3.882140232
batter_home_runs,2023-08-03T23:08:40Z,Over,Chas McCormick,600,0.5,1,0.142857143,4,0.571428571,0.574362093,3.882140232
batter_home_runs,2023-08-03T23:08:19Z,Over,Chas McCormick,700,0.5,1,0.125,4,0.5,0.574362093,3.882140232
batter_singles,2023-08-03T23:08:18Z,Over,Chas McCormick,115,0.5,1,0.465116279,2.5,1.162790698,1.184593023,3.882140232
batter_singles,2023-08-03T23:08:54Z,Over,Chas McCormick,100,0.5,1,0.5,2.5,1.25,1.184593023,3.882140232
batter_singles,2023-08-03T23:08:24Z,Over,Chas McCormick,115,0.5,1,0.465116279,2.5,1.162790698,1.184593023,3.882140232
batter_singles,2023-08-03T23:08:19Z,Over,Chas McCormick,115,0.5,1,0.465116279,2.5,1.162790698,1.184593023,3.882140232
batter_doubles,2023-08-03T23:08:18Z,Over,Chas McCormick,500,0.5,1,0.166666667,3,0.5,0.498766927,3.882140232
batter_doubles,2023-08-03T23:08:54Z,Over,Chas McCormick,490,0.5,1,0.169491525,3,0.508474576,0.498766927,3.882140232
batter_doubles,2023-08-03T23:08:24Z,Over,Chas McCormick,500,0.5,1,0.166666667,3,0.5,0.498766927,3.882140232
batter_doubles,2023-08-03T23:11:33Z,Over,Chas McCormick,575,0.5,1,0.148148148,3,0.444444444,0.498766927,3.882140232
batter_doubles,2023-08-03T23:08:27Z,Over,Chas McCormick,575,0.5,1,0.148148148,3,0.444444444,0.498766927,3.882140232
batter_doubles,2023-08-03T23:08:19Z,Over,Chas McCormick,404,0.5,1,0.198412698,3,0.595238095,0.498766927,3.882140232
batter_triples,2023-08-03T23:08:54Z,Over,Chas McCormick,3900,0.5,1,0.025,3.5,0.0875,0.111057692,3.882140232
batter_triples,2023-08-03T23:08:24Z,Over,Chas McCormick,2500,0.5,1,0.038461538,3.5,0.134615385,0.111057692,3.882140232
batter_runs_scored,2023-08-03T23:08:18Z,Over,Chas McCormick,175,0.5,1,0.363636364,2,0.727272727,0.713995034,3.882140232
batter_runs_scored,2023-08-03T23:08:54Z,Over,Chas McCormick,1700,2.5,3,0.055555556,2,0.333333333,0.713995034,3.882140232
batter_runs_scored,2023-08-03T23:08:54Z,Over,Chas McCormick,135,0.5,1,0.425531915,2,0.85106383,0.713995034,3.882140232
batter_runs_scored,2023-08-03T23:08:54Z,Over,Chas McCormick,440,1.5,2,0.185185185,2,0.740740741,0.713995034,3.882140232
batter_runs_scored,2023-08-03T23:08:24Z,Over,Chas McCormick,175,0.5,1,0.363636364,2,0.727272727,0.713995034,3.882140232
batter_runs_scored,2023-08-03T23:11:33Z,Over,Chas McCormick,155,0.5,1,0.392156863,2,0.784313725,0.713995034,3.882140232
batter_runs_scored,2023-08-03T23:08:27Z,Over,Chas McCormick,155,0.5,1,0.392156863,2,0.784313725,0.713995034,3.882140232
batter_runs_scored,2023-08-03T23:08:40Z,Over,Chas McCormick,180,0.5,1,0.357142857,2,0.714285714,0.713995034,3.882140232
batter_runs_scored,2023-08-03T23:08:19Z,Over,Chas McCormick,162,0.5,1,0.381679389,2,0.763358779,0.713995034,3.882140232
batter_walks,2023-08-03T23:08:18Z,Over,Chas McCormick,220,0.5,1,0.3125,2,0.625,0.625,3.882140232
batter_strikeouts,2023-08-03T23:08:18Z,Over,Chas McCormick,155,1.5,2,0.392156863,-1,-0.784313725,-0.784313725,3.882140232
batter_stolen_bases,2023-08-03T23:08:18Z,Over,Chas McCormick,700,0.5,1,0.125,3,0.375,0.398551055,3.882140232
batter_stolen_bases,2023-08-03T23:08:54Z,Over,Chas McCormick,710,0.5,1,0.12345679,3,0.37037037,0.398551055,3.882140232
batter_stolen_bases,2023-08-03T23:08:24Z,Over,Chas McCormick,625,0.5,1,0.137931034,3,0.413793103,0.398551055,3.882140232
batter_stolen_bases,2023-08-03T23:11:33Z,Over,Chas McCormick,600,0.5,1,0.142857143,3,0.428571429,0.398551055,3.882140232
batter_stolen_bases,2023-08-03T23:08:27Z,Over,Chas McCormick,600,0.5,1,0.142857143,3,0.428571429,0.398551055,3.882140232
batter_stolen_bases,2023-08-03T23:08:40Z,Over,Chas McCormick,700,0.5,1,0.125,3,0.375,0.398551055,3.882140232
batter_rbis,2023-08-03T23:08:18Z,Over,Chas McCormick,225,0.5,1,0.307692308,2,0.615384615,0.560128134,3.882140232
batter_rbis,2023-08-03T23:08:54Z,Over,Chas McCormick,550,1.5,2,0.153846154,2,0.615384615,0.560128134,3.882140232
batter_rbis,2023-08-03T23:08:54Z,Over,Chas McCormick,1700,2.5,3,0.055555556,2,0.333333333,0.560128134,3.882140232
batter_rbis,2023-08-03T23:08:54Z,Over,Chas McCormick,4600,3.5,4,0.021276596,2,0.170212766,0.560128134,3.882140232
batter_rbis,2023-08-03T23:08:54Z,Over,Chas McCormick,165,0.5,1,0.377358491,2,0.754716981,0.560128134,3.882140232
batter_rbis,2023-08-03T23:11:33Z,Over,Chas McCormick,210,0.5,1,0.322580645,2,0.64516129,0.560128134,3.882140232
batter_rbis,2023-08-03T23:08:27Z,Over,Chas McCormick,210,0.5,1,0.322580645,2,0.64516129,0.560128134,3.882140232
batter_rbis,2023-08-03T23:08:40Z,Over,Chas McCormick,230,0.5,1,0.303030303,2,0.606060606,0.560128134,3.882140232
batter_rbis,2023-08-03T23:08:19Z,Over,Chas McCormick,205,0.5,1,0.327868852,2,0.655737705,0.560128134,3.882140232
batter_home_runs,2023-08-03T23:08:18Z,Over,Giancarlo Stanton,255,0.5,1,0.281690141,4,1.126760563,1.077586434,4.195520042
batter_home_runs,2023-08-03T23:08:54Z,Over,Giancarlo Stanton,320,0.5,1,0.238095238,4,0.952380952,1.077586434,4.195520042
batter_home_runs,2023-08-03T23:08:24Z,Over,Giancarlo Stanton,240,0.5,1,0.294117647,4,1.176470588,1.077586434,4.195520042
batter_home_runs,2023-08-03T23:10:49Z,Over,Giancarlo Stanton,260,0.5,1,0.277777778,4,1.111111111,1.077586434,4.195520042
batter_home_runs,2023-08-03T23:11:33Z,Over,Giancarlo Stanton,300,0.5,1,0.25,4,1,1.077586434,4.195520042
batter_home_runs,2023-08-03T23:08:27Z,Over,Giancarlo Stanton,300,0.5,1,0.25,4,1,1.077586434,4.195520042
batter_home_runs,2023-08-03T23:08:40Z,Over,Giancarlo Stanton,250,0.5,1,0.285714286,4,1.142857143,1.077586434,4.195520042
batter_home_runs,2023-08-03T23:08:19Z,Over,Giancarlo Stanton,260,0.5,1,0.277777778,4,1.111111111,1.077586434,4.195520042
batter_singles,2023-08-03T23:08:18Z,Over,Giancarlo Stanton,170,0.5,1,0.37037037,2.5,0.925925926,0.962205629,4.195520042
batter_singles,2023-08-03T23:08:54Z,Over,Giancarlo Stanton,145,0.5,1,0.408163265,2.5,1.020408163,0.962205629,4.195520042
batter_singles,2023-08-03T23:08:24Z,Over,Giancarlo Stanton,170,0.5,1,0.37037037,2.5,0.925925926,0.962205629,4.195520042
batter_singles,2023-08-03T23:08:19Z,Over,Giancarlo Stanton,156,0.5,1,0.390625,2.5,0.9765625,0.962205629,4.195520042
batter_doubles,2023-08-03T23:08:18Z,Over,Giancarlo Stanton,550,0.5,1,0.153846154,3,0.461538462,0.469013743,4.195520042
batter_doubles,2023-08-03T23:08:54Z,Over,Giancarlo Stanton,650,0.5,1,0.133333333,3,0.4,0.469013743,4.195520042
batter_doubles,2023-08-03T23:08:24Z,Over,Giancarlo Stanton,550,0.5,1,0.153846154,3,0.461538462,0.469013743,4.195520042
batter_doubles,2023-08-03T23:11:33Z,Over,Giancarlo Stanton,540,0.5,1,0.15625,3,0.46875,0.469013743,4.195520042
batter_doubles,2023-08-03T23:08:27Z,Over,Giancarlo Stanton,540,0.5,1,0.15625,3,0.46875,0.469013743,4.195520042
batter_doubles,2023-08-03T23:08:19Z,Over,Giancarlo Stanton,442,0.5,1,0.184501845,3,0.553505535,0.469013743,4.195520042
batter_runs_scored,2023-08-03T23:08:18Z,Over,Giancarlo Stanton,105,0.5,1,0.487804878,2,0.975609756,0.918322901,4.195520042
batter_runs_scored,2023-08-03T23:08:54Z,Over,Giancarlo Stanton,1200,2.5,3,0.076923077,2,0.461538462,0.918322901,4.195520042
batter_runs_scored,2023-08-03T23:08:54Z,Over,Giancarlo Stanton,105,0.5,1,0.487804878,2,0.975609756,0.918322901,4.195520042
batter_runs_scored,2023-08-03T23:08:54Z,Over,Giancarlo Stanton,270,1.5,2,0.27027027,2,1.081081081,0.918322901,4.195520042
batter_runs_scored,2023-08-03T23:11:33Z,Over,Giancarlo Stanton,117,0.5,1,0.460829493,2,0.921658986,0.918322901,4.195520042
batter_runs_scored,2023-08-03T23:08:27Z,Over,Giancarlo Stanton,117,0.5,1,0.460829493,2,0.921658986,0.918322901,4.195520042
batter_runs_scored,2023-08-03T23:08:40Z,Over,Giancarlo Stanton,105,0.5,1,0.487804878,2,0.975609756,0.918322901,4.195520042
batter_runs_scored,2023-08-03T23:08:19Z,Over,Giancarlo Stanton,-107,0.5,1,0.516908213,2,1.033816425,0.918322901,4.195520042
batter_walks,2023-08-03T23:08:18Z,Over,Giancarlo Stanton,110,0.5,1,0.476190476,2,0.952380952,0.952380952,4.195520042
batter_strikeouts,2023-08-03T23:08:18Z,Over,Giancarlo Stanton,120,1.5,2,0.454545455,-1,-0.909090909,-0.909090909,4.195520042
batter_rbis,2023-08-03T23:08:18Z,Over,Giancarlo Stanton,135,0.5,1,0.425531915,2,0.85106383,0.725101292,4.195520042
batter_rbis,2023-08-03T23:08:54Z,Over,Giancarlo Stanton,470,1.5,2,0.175438596,2,0.701754386,0.725101292,4.195520042
batter_rbis,2023-08-03T23:08:54Z,Over,Giancarlo Stanton,1200,2.5,3,0.076923077,2,0.461538462,0.725101292,4.195520042
batter_rbis,2023-08-03T23:08:54Z,Over,Giancarlo Stanton,3500,3.5,4,0.027777778,2,0.222222222,0.725101292,4.195520042
batter_rbis,2023-08-03T23:08:54Z,Over,Giancarlo Stanton,145,0.5,1,0.408163265,2,0.816326531,0.725101292,4.195520042
batter_rbis,2023-08-03T23:08:24Z,Over,Giancarlo Stanton,135,0.5,1,0.425531915,2,0.85106383,0.725101292,4.195520042
batter_rbis,2023-08-03T23:11:33Z,Over,Giancarlo Stanton,145,0.5,1,0.408163265,2,0.816326531,0.725101292,4.195520042
batter_rbis,2023-08-03T23:08:27Z,Over,Giancarlo Stanton,145,0.5,1,0.408163265,2,0.816326531,0.725101292,4.195520042
batter_rbis,2023-08-03T23:08:40Z,Over,Giancarlo Stanton,140,0.5,1,0.416666667,2,0.833333333,0.725101292,4.195520042
batter_rbis,2023-08-03T23:08:19Z,Over,Giancarlo Stanton,127,0.5,1,0.440528634,2,0.881057269,0.725101292,4.195520042
batter_home_runs,2023-08-03T23:08:18Z,Over,Gleyber Torres,360,0.5,1,0.217391304,4,0.869565217,0.83827664,4.918601644
batter_home_runs,2023-08-03T23:08:54Z,Over,Gleyber Torres,400,0.5,1,0.2,4,0.8,0.83827664,4.918601644
batter_home_runs,2023-08-03T23:08:24Z,Over,Gleyber Torres,333,0.5,1,0.230946882,4,0.923787529,0.83827664,4.918601644
batter_home_runs,2023-08-03T23:10:49Z,Over,Gleyber Torres,375,0.5,1,0.210526316,4,0.842105263,0.83827664,4.918601644
batter_home_runs,2023-08-03T23:11:33Z,Over,Gleyber Torres,410,0.5,1,0.196078431,4,0.784313725,0.83827664,4.918601644
batter_home_runs,2023-08-03T23:08:27Z,Over,Gleyber Torres,410,0.5,1,0.196078431,4,0.784313725,0.83827664,4.918601644
batter_home_runs,2023-08-03T23:08:40Z,Over,Gleyber Torres,370,0.5,1,0.212765957,4,0.85106383,0.83827664,4.918601644
batter_home_runs,2023-08-03T23:08:19Z,Over,Gleyber Torres,370,0.5,1,0.212765957,4,0.85106383,0.83827664,4.918601644
batter_singles,2023-08-03T23:08:18Z,Over,Gleyber Torres,-105,0.5,1,0.512195122,2.5,1.280487805,1.283070536,4.918601644
batter_singles,2023-08-03T23:08:54Z,Over,Gleyber Torres,-110,0.5,1,0.523809524,2.5,1.30952381,1.283070536,4.918601644
batter_singles,2023-08-03T23:08:24Z,Over,Gleyber Torres,100,0.5,1,0.5,2.5,1.25,1.283070536,4.918601644
batter_singles,2023-08-03T23:08:19Z,Over,Gleyber Torres,-107,0.5,1,0.516908213,2.5,1.292270531,1.283070536,4.918601644
batter_doubles,2023-08-03T23:08:18Z,Over,Gleyber Torres,400,0.5,1,0.2,3,0.6,0.582602691,4.918601644
batter_doubles,2023-08-03T23:08:54Z,Over,Gleyber Torres,450,0.5,1,0.181818182,3,0.545454545,0.582602691,4.918601644
batter_doubles,2023-08-03T23:08:24Z,Over,Gleyber Torres,400,0.5,1,0.2,3,0.6,0.582602691,4.918601644
batter_doubles,2023-08-03T23:11:33Z,Over,Gleyber Torres,460,0.5,1,0.178571429,3,0.535714286,0.582602691,4.918601644
batter_doubles,2023-08-03T23:08:27Z,Over,Gleyber Torres,460,0.5,1,0.178571429,3,0.535714286,0.582602691,4.918601644
batter_doubles,2023-08-03T23:08:19Z,Over,Gleyber Torres,342,0.5,1,0.226244344,3,0.678733032,0.582602691,4.918601644
batter_triples,2023-08-03T23:08:24Z,Over,Gleyber Torres,2500,0.5,1,0.038461538,3.5,0.134615385,0.134615385,4.918601644
batter_runs_scored,2023-08-03T23:08:18Z,Over,Gleyber Torres,105,0.5,1,0.487804878,2,0.975609756,0.898002968,4.918601644
batter_runs_scored,2023-08-03T23:08:54Z,Over,Gleyber Torres,1300,2.5,3,0.071428571,2,0.428571429,0.898002968,4.918601644
batter_runs_scored,2023-08-03T23:08:54Z,Over,Gleyber Torres,100,0.5,1,0.5,2,1,0.898002968,4.918601644
batter_runs_scored,2023-08-03T23:08:54Z,Over,Gleyber Torres,320,1.5,2,0.238095238,2,0.952380952,0.898002968,4.918601644
batter_runs_scored,2023-08-03T23:11:33Z,Over,Gleyber Torres,116,0.5,1,0.462962963,2,0.925925926,0.898002968,4.918601644
batter_runs_scored,2023-08-03T23:08:27Z,Over,Gleyber Torres,116,0.5,1,0.462962963,2,0.925925926,0.898002968,4.918601644
batter_runs_scored,2023-08-03T23:08:40Z,Over,Gleyber Torres,105,0.5,1,0.487804878,2,0.975609756,0.898002968,4.918601644
batter_runs_scored,2023-08-03T23:08:19Z,Over,Gleyber Torres,100,0.5,1,0.5,2,1,0.898002968,4.918601644
batter_walks,2023-08-03T23:08:18Z,Over,Gleyber Torres,175,0.5,1,0.363636364,2,0.727272727,0.727272727,4.918601644
batter_strikeouts,2023-08-03T23:08:18Z,Over,Gleyber Torres,-185,0.5,1,0.649122807,-1,-0.649122807,-0.649122807,4.918601644
batter_stolen_bases,2023-08-03T23:08:18Z,Over,Gleyber Torres,650,0.5,1,0.133333333,3,0.4,0.446963563,4.918601644
batter_stolen_bases,2023-08-03T23:08:54Z,Over,Gleyber Torres,470,0.5,1,0.175438596,3,0.526315789,0.446963563,4.918601644
batter_stolen_bases,2023-08-03T23:08:24Z,Over,Gleyber Torres,550,0.5,1,0.153846154,3,0.461538462,0.446963563,4.918601644
batter_stolen_bases,2023-08-03T23:08:40Z,Over,Gleyber Torres,650,0.5,1,0.133333333,3,0.4,0.446963563,4.918601644
batter_rbis,2023-08-03T23:08:18Z,Over,Gleyber Torres,155,0.5,1,0.392156863,2,0.784313725,0.656919941,4.918601644
batter_rbis,2023-08-03T23:08:54Z,Over,Gleyber Torres,550,1.5,2,0.153846154,2,0.615384615,0.656919941,4.918601644
batter_rbis,2023-08-03T23:08:54Z,Over,Gleyber Torres,1700,2.5,3,0.055555556,2,0.333333333,0.656919941,4.918601644
batter_rbis,2023-08-03T23:08:54Z,Over,Gleyber Torres,5000,3.5,4,0.019607843,2,0.156862745,0.656919941,4.918601644
batter_rbis,2023-08-03T23:08:54Z,Over,Gleyber Torres,160,0.5,1,0.384615385,2,0.769230769,0.656919941,4.918601644
batter_rbis,2023-08-03T23:08:24Z,Over,Gleyber Torres,150,0.5,1,0.4,2,0.8,0.656919941,4.918601644
batter_rbis,2023-08-03T23:11:33Z,Over,Gleyber Torres,165,0.5,1,0.377358491,2,0.754716981,0.656919941,4.918601644
batter_rbis,2023-08-03T23:08:27Z,Over,Gleyber Torres,165,0.5,1,0.377358491,2,0.754716981,0.656919941,4.918601644
batter_rbis,2023-08-03T23:08:40Z,Over,Gleyber Torres,155,0.5,1,0.392156863,2,0.784313725,0.656919941,4.918601644
batter_rbis,2023-08-03T23:08:19Z,Over,Gleyber Torres,145,0.5,1,0.408163265,2,0.816326531,0.656919941,4.918601644
batter_home_runs,2023-08-03T23:08:18Z,Over,Harrison Bader,500,0.5,1,0.166666667,4,0.666666667,0.630998631,4.161224236
batter_home_runs,2023-08-03T23:08:54Z,Over,Harrison Bader,600,0.5,1,0.142857143,4,0.571428571,0.630998631,4.161224236
batter_home_runs,2023-08-03T23:08:24Z,Over,Harrison Bader,450,0.5,1,0.181818182,4,0.727272727,0.630998631,4.161224236
batter_home_runs,2023-08-03T23:10:49Z,Over,Harrison Bader,550,0.5,1,0.153846154,4,0.615384615,0.630998631,4.161224236
batter_home_runs,2023-08-03T23:11:33Z,Over,Harrison Bader,575,0.5,1,0.148148148,4,0.592592593,0.630998631,4.161224236
batter_home_runs,2023-08-03T23:08:27Z,Over,Harrison Bader,575,0.5,1,0.148148148,4,0.592592593,0.630998631,4.161224236
batter_home_runs,2023-08-03T23:08:40Z,Over,Harrison Bader,500,0.5,1,0.166666667,4,0.666666667,0.630998631,4.161224236
batter_home_runs,2023-08-03T23:08:19Z,Over,Harrison Bader,550,0.5,1,0.153846154,4,0.615384615,0.630998631,4.161224236
batter_singles,2023-08-03T23:08:18Z,Over,Harrison Bader,120,0.5,1,0.454545455,2.5,1.136363636,1.146897926,4.161224236
batter_singles,2023-08-03T23:08:54Z,Over,Harrison Bader,115,0.5,1,0.465116279,2.5,1.162790698,1.146897926,4.161224236
batter_singles,2023-08-03T23:08:24Z,Over,Harrison Bader,120,0.5,1,0.454545455,2.5,1.136363636,1.146897926,4.161224236
batter_singles,2023-08-03T23:08:19Z,Over,Harrison Bader,117,0.5,1,0.460829493,2.5,1.152073733,1.146897926,4.161224236
batter_doubles,2023-08-03T23:08:18Z,Over,Harrison Bader,475,0.5,1,0.173913043,3,0.52173913,0.490239574,4.161224236
batter_doubles,2023-08-03T23:08:54Z,Over,Harrison Bader,600,0.5,1,0.142857143,3,0.428571429,0.490239574,4.161224236
batter_doubles,2023-08-03T23:08:24Z,Over,Harrison Bader,475,0.5,1,0.173913043,3,0.52173913,0.490239574,4.161224236
batter_doubles,2023-08-03T23:11:33Z,Over,Harrison Bader,600,0.5,1,0.142857143,3,0.428571429,0.490239574,4.161224236
batter_doubles,2023-08-03T23:08:27Z,Over,Harrison Bader,600,0.5,1,0.142857143,3,0.428571429,0.490239574,4.161224236
batter_doubles,2023-08-03T23:08:19Z,Over,Harrison Bader,390,0.5,1,0.204081633,3,0.612244898,0.490239574,4.161224236
batter_triples,2023-08-03T23:08:54Z,Over,Harrison Bader,3700,0.5,1,0.026315789,3.5,0.092105263,0.122139588,4.161224236
batter_triples,2023-08-03T23:08:24Z,Over,Harrison Bader,2200,0.5,1,0.043478261,3.5,0.152173913,0.122139588,4.161224236
batter_runs_scored,2023-08-03T23:08:18Z,Over,Harrison Bader,150,0.5,1,0.4,2,0.8,0.707406628,4.161224236
batter_runs_scored,2023-08-03T23:08:54Z,Over,Harrison Bader,2400,2.5,3,0.04,2,0.24,0.707406628,4.161224236
batter_runs_scored,2023-08-03T23:08:54Z,Over,Harrison Bader,155,0.5,1,0.392156863,2,0.784313725,0.707406628,4.161224236
batter_runs_scored,2023-08-03T23:08:54Z,Over,Harrison Bader,500,1.5,2,0.166666667,2,0.666666667,0.707406628,4.161224236
batter_runs_scored,2023-08-03T23:08:24Z,Over,Harrison Bader,150,0.5,1,0.4,2,0.8,0.707406628,4.161224236
batter_runs_scored,2023-08-03T23:11:33Z,Over,Harrison Bader,175,0.5,1,0.363636364,2,0.727272727,0.707406628,4.161224236
batter_runs_scored,2023-08-03T23:08:27Z,Over,Harrison Bader,175,0.5,1,0.363636364,2,0.727272727,0.707406628,4.161224236
batter_runs_scored,2023-08-03T23:08:40Z,Over,Harrison Bader,155,0.5,1,0.392156863,2,0.784313725,0.707406628,4.161224236
batter_runs_scored,2023-08-03T23:08:19Z,Over,Harrison Bader,139,0.5,1,0.418410042,2,0.836820084,0.707406628,4.161224236
batter_walks,2023-08-03T23:08:18Z,Over,Harrison Bader,320,0.5,1,0.238095238,2,0.476190476,0.476190476,4.161224236
batter_strikeouts,2023-08-03T23:08:18Z,Over,Harrison Bader,-155,0.5,1,0.607843137,-1,-0.607843137,-0.607843137,4.161224236
batter_stolen_bases,2023-08-03T23:08:18Z,Over,Harrison Bader,370,0.5,1,0.212765957,3,0.638297872,0.648148296,4.161224236
batter_stolen_bases,2023-08-03T23:08:24Z,Over,Harrison Bader,320,0.5,1,0.238095238,3,0.714285714,0.648148296,4.161224236
batter_stolen_bases,2023-08-03T23:11:33Z,Over,Harrison Bader,375,0.5,1,0.210526316,3,0.631578947,0.648148296,4.161224236
batter_stolen_bases,2023-08-03T23:08:27Z,Over,Harrison Bader,375,0.5,1,0.210526316,3,0.631578947,0.648148296,4.161224236
batter_stolen_bases,2023-08-03T23:08:40Z,Over,Harrison Bader,380,0.5,1,0.208333333,3,0.625,0.648148296,4.161224236
batter_rbis,2023-08-03T23:08:18Z,Over,Harrison Bader,190,0.5,1,0.344827586,2,0.689655172,0.547046253,4.161224236
batter_rbis,2023-08-03T23:08:54Z,Over,Harrison Bader,700,1.5,2,0.125,2,0.5,0.547046253,4.161224236
batter_rbis,2023-08-03T23:08:54Z,Over,Harrison Bader,2300,2.5,3,0.041666667,2,0.25,0.547046253,4.161224236
batter_rbis,2023-08-03T23:08:54Z,Over,Harrison Bader,8000,3.5,4,0.012345679,2,0.098765432,0.547046253,4.161224236
batter_rbis,2023-08-03T23:08:54Z,Over,Harrison Bader,210,0.5,1,0.322580645,2,0.64516129,0.547046253,4.161224236
batter_rbis,2023-08-03T23:11:33Z,Over,Harrison Bader,200,0.5,1,0.333333333,2,0.666666667,0.547046253,4.161224236
batter_rbis,2023-08-03T23:08:27Z,Over,Harrison Bader,200,0.5,1,0.333333333,2,0.666666667,0.547046253,4.161224236
batter_rbis,2023-08-03T23:08:40Z,Over,Harrison Bader,190,0.5,1,0.344827586,2,0.689655172,0.547046253,4.161224236
batter_rbis,2023-08-03T23:08:19Z,Over,Harrison Bader,179,0.5,1,0.358422939,2,0.716845878,0.547046253,4.161224236
batter_home_runs,2023-08-03T23:08:18Z,Over,Isiah Kiner-Falefa,750,0.5,1,0.117647059,4,0.470588235,0.443006536,4.37634254
batter_home_runs,2023-08-03T23:08:54Z,Over,Isiah Kiner-Falefa,800,0.5,1,0.111111111,4,0.444444444,0.443006536,4.37634254
batter_home_runs,2023-08-03T23:08:24Z,Over,Isiah Kiner-Falefa,700,0.5,1,0.125,4,0.5,0.443006536,4.37634254
batter_home_runs,2023-08-03T23:10:49Z,Over,Isiah Kiner-Falefa,900,0.5,1,0.1,4,0.4,0.443006536,4.37634254
batter_home_runs,2023-08-03T23:08:19Z,Over,Isiah Kiner-Falefa,900,0.5,1,0.1,4,0.4,0.443006536,4.37634254
batter_singles,2023-08-03T23:08:18Z,Over,Isiah Kiner-Falefa,-110,0.5,1,0.523809524,2.5,1.30952381,1.345004341,4.37634254
batter_singles,2023-08-03T23:08:54Z,Over,Isiah Kiner-Falefa,-130,0.5,1,0.565217391,2.5,1.413043478,1.345004341,4.37634254
batter_singles,2023-08-03T23:08:24Z,Over,Isiah Kiner-Falefa,-110,0.5,1,0.523809524,2.5,1.30952381,1.345004341,4.37634254
batter_singles,2023-08-03T23:08:19Z,Over,Isiah Kiner-Falefa,-117,0.5,1,0.539170507,2.5,1.347926267,1.345004341,4.37634254
batter_doubles,2023-08-03T23:08:18Z,Over,Isiah Kiner-Falefa,450,0.5,1,0.181818182,3,0.545454545,0.546006625,4.37634254
batter_doubles,2023-08-03T23:08:54Z,Over,Isiah Kiner-Falefa,550,0.5,1,0.153846154,3,0.461538462,0.546006625,4.37634254
batter_doubles,2023-08-03T23:08:24Z,Over,Isiah Kiner-Falefa,450,0.5,1,0.181818182,3,0.545454545,0.546006625,4.37634254
batter_doubles,2023-08-03T23:08:19Z,Over,Isiah Kiner-Falefa,375,0.5,1,0.210526316,3,0.631578947,0.546006625,4.37634254
batter_triples,2023-08-03T23:08:24Z,Over,Isiah Kiner-Falefa,2200,0.5,1,0.043478261,3.5,0.152173913,0.152173913,4.37634254
batter_runs_scored,2023-08-03T23:08:18Z,Over,Isiah Kiner-Falefa,145,0.5,1,0.408163265,2,0.816326531,0.68620874,4.37634254
batter_runs_scored,2023-08-03T23:08:54Z,Over,Isiah Kiner-Falefa,3000,2.5,3,0.032258065,2,0.193548387,0.68620874,4.37634254
batter_runs_scored,2023-08-03T23:08:54Z,Over,Isiah Kiner-Falefa,160,0.5,1,0.384615385,2,0.769230769,0.68620874,4.37634254
batter_runs_scored,2023-08-03T23:08:54Z,Over,Isiah Kiner-Falefa,650,1.5,2,0.133333333,2,0.533333333,0.68620874,4.37634254
batter_runs_scored,2023-08-03T23:08:24Z,Over,Isiah Kiner-Falefa,145,0.5,1,0.408163265,2,0.816326531,0.68620874,4.37634254
batter_runs_scored,2023-08-03T23:08:40Z,Over,Isiah Kiner-Falefa,145,0.5,1,0.408163265,2,0.816326531,0.68620874,4.37634254
batter_runs_scored,2023-08-03T23:08:19Z,Over,Isiah Kiner-Falefa,133,0.5,1,0.429184549,2,0.858369099,0.68620874,4.37634254
batter_walks,2023-08-03T23:08:18Z,Over,Isiah Kiner-Falefa,225,0.5,1,0.307692308,2,0.615384615,0.615384615,4.37634254
batter_strikeouts,2023-08-03T23:08:18Z,Over,Isiah Kiner-Falefa,-145,0.5,1,0.591836735,-1,-0.591836735,-0.591836735,4.37634254
batter_stolen_bases,2023-08-03T23:08:18Z,Over,Isiah Kiner-Falefa,275,0.5,1,0.266666667,3,0.8,0.742857143,4.37634254
batter_stolen_bases,2023-08-03T23:11:33Z,Over,Isiah Kiner-Falefa,320,0.5,1,0.238095238,3,0.714285714,0.742857143,4.37634254
batter_stolen_bases,2023-08-03T23:08:27Z,Over,Isiah Kiner-Falefa,320,0.5,1,0.238095238,3,0.714285714,0.742857143,4.37634254
batter_rbis,2023-08-03T23:08:18Z,Over,Isiah Kiner-Falefa,245,0.5,1,0.289855072,2,0.579710145,0.437537361,4.37634254
batter_rbis,2023-08-03T23:08:54Z,Over,Isiah Kiner-Falefa,800,1.5,2,0.111111111,2,0.444444444,0.437537361,4.37634254
batter_rbis,2023-08-03T23:08:54Z,Over,Isiah Kiner-Falefa,2600,2.5,3,0.037037037,2,0.222222222,0.437537361,4.37634254
batter_rbis,2023-08-03T23:08:54Z,Over,Isiah Kiner-Falefa,8000,3.5,4,0.012345679,2,0.098765432,0.437537361,4.37634254
batter_rbis,2023-08-03T23:08:54Z,Over,Isiah Kiner-Falefa,210,0.5,1,0.322580645,2,0.64516129,0.437537361,4.37634254
batter_rbis,2023-08-03T23:08:19Z,Over,Isiah Kiner-Falefa,215,0.5,1,0.317460317,2,0.634920635,0.437537361,4.37634254
batter_home_runs,2023-08-03T23:08:18Z,Over,Jake Bauers,330,0.5,1,0.23255814,4,0.930232558,0.898127974,4.957322801
batter_home_runs,2023-08-03T23:08:54Z,Over,Jake Bauers,420,0.5,1,0.192307692,4,0.769230769,0.898127974,4.957322801
batter_home_runs,2023-08-03T23:08:24Z,Over,Jake Bauers,280,0.5,1,0.263157895,4,1.052631579,0.898127974,4.957322801
batter_home_runs,2023-08-03T23:10:49Z,Over,Jake Bauers,330,0.5,1,0.23255814,4,0.930232558,0.898127974,4.957322801
batter_home_runs,2023-08-03T23:11:33Z,Over,Jake Bauers,360,0.5,1,0.217391304,4,0.869565217,0.898127974,4.957322801
batter_home_runs,2023-08-03T23:08:27Z,Over,Jake Bauers,360,0.5,1,0.217391304,4,0.869565217,0.898127974,4.957322801
batter_home_runs,2023-08-03T23:08:40Z,Over,Jake Bauers,330,0.5,1,0.23255814,4,0.930232558,0.898127974,4.957322801
batter_home_runs,2023-08-03T23:08:19Z,Over,Jake Bauers,380,0.5,1,0.208333333,4,0.833333333,0.898127974,4.957322801
batter_singles,2023-08-03T23:08:18Z,Over,Jake Bauers,150,0.5,1,0.4,2.5,1,1.045597185,4.957322801
batter_singles,2023-08-03T23:08:54Z,Over,Jake Bauers,120,0.5,1,0.454545455,2.5,1.136363636,1.045597185,4.957322801
batter_singles,2023-08-03T23:08:24Z,Over,Jake Bauers,150,0.5,1,0.4,2.5,1,1.045597185,4.957322801
batter_singles,2023-08-03T23:08:19Z,Over,Jake Bauers,139,0.5,1,0.418410042,2.5,1.046025105,1.045597185,4.957322801
batter_doubles,2023-08-03T23:08:18Z,Over,Jake Bauers,450,0.5,1,0.181818182,3,0.545454545,0.536751959,4.957322801
batter_doubles,2023-08-03T23:08:54Z,Over,Jake Bauers,600,0.5,1,0.142857143,3,0.428571429,0.536751959,4.957322801
batter_doubles,2023-08-03T23:08:24Z,Over,Jake Bauers,425,0.5,1,0.19047619,3,0.571428571,0.536751959,4.957322801
batter_doubles,2023-08-03T23:11:33Z,Over,Jake Bauers,475,0.5,1,0.173913043,3,0.52173913,0.536751959,4.957322801
batter_doubles,2023-08-03T23:08:27Z,Over,Jake Bauers,475,0.5,1,0.173913043,3,0.52173913,0.536751959,4.957322801
batter_doubles,2023-08-03T23:08:19Z,Over,Jake Bauers,375,0.5,1,0.210526316,3,0.631578947,0.536751959,4.957322801
batter_triples,2023-08-03T23:08:24Z,Over,Jake Bauers,2200,0.5,1,0.043478261,3.5,0.152173913,0.152173913,4.957322801
batter_runs_scored,2023-08-03T23:08:18Z,Over,Jake Bauers,-135,0.5,1,0.574468085,2,1.14893617,1.023627153,4.957322801
batter_runs_scored,2023-08-03T23:08:54Z,Over,Jake Bauers,1200,2.5,3,0.076923077,2,0.461538462,1.023627153,4.957322801
batter_runs_scored,2023-08-03T23:08:54Z,Over,Jake Bauers,-115,0.5,1,0.534883721,2,1.069767442,1.023627153,4.957322801
batter_runs_scored,2023-08-03T23:08:54Z,Over,Jake Bauers,300,1.5,2,0.25,2,1,1.023627153,4.957322801
batter_runs_scored,2023-08-03T23:11:33Z,Over,Jake Bauers,-125,0.5,1,0.555555556,2,1.111111111,1.023627153,4.957322801
batter_runs_scored,2023-08-03T23:08:27Z,Over,Jake Bauers,-125,0.5,1,0.555555556,2,1.111111111,1.023627153,4.957322801
batter_runs_scored,2023-08-03T23:08:40Z,Over,Jake Bauers,-130,0.5,1,0.565217391,2,1.130434783,1.023627153,4.957322801
batter_runs_scored,2023-08-03T23:08:19Z,Over,Jake Bauers,-137,0.5,1,0.578059072,2,1.156118143,1.023627153,4.957322801
batter_walks,2023-08-03T23:08:18Z,Over,Jake Bauers,110,0.5,1,0.476190476,2,0.952380952,0.952380952,4.957322801
batter_strikeouts,2023-08-03T23:08:18Z,Over,Jake Bauers,155,1.5,2,0.392156863,-1,-0.784313725,-0.784313725,4.957322801
batter_stolen_bases,2023-08-03T23:08:18Z,Over,Jake Bauers,450,0.5,1,0.181818182,3,0.545454545,0.55562201,4.957322801
batter_stolen_bases,2023-08-03T23:08:54Z,Over,Jake Bauers,500,0.5,1,0.166666667,3,0.5,0.55562201,4.957322801
batter_stolen_bases,2023-08-03T23:08:24Z,Over,Jake Bauers,375,0.5,1,0.210526316,3,0.631578947,0.55562201,4.957322801
batter_stolen_bases,2023-08-03T23:08:40Z,Over,Jake Bauers,450,0.5,1,0.181818182,3,0.545454545,0.55562201,4.957322801
batter_rbis,2023-08-03T23:08:18Z,Over,Jake Bauers,185,0.5,1,0.350877193,2,0.701754386,0.57735538,4.957322801
batter_rbis,2023-08-03T23:08:54Z,Over,Jake Bauers,750,1.5,2,0.117647059,2,0.470588235,0.57735538,4.957322801
batter_rbis,2023-08-03T23:08:54Z,Over,Jake Bauers,2200,2.5,3,0.043478261,2,0.260869565,0.57735538,4.957322801
batter_rbis,2023-08-03T23:08:54Z,Over,Jake Bauers,6000,3.5,4,0.016393443,2,0.131147541,0.57735538,4.957322801
batter_rbis,2023-08-03T23:08:54Z,Over,Jake Bauers,195,0.5,1,0.338983051,2,0.677966102,0.57735538,4.957322801
batter_rbis,2023-08-03T23:08:24Z,Over,Jake Bauers,175,0.5,1,0.363636364,2,0.727272727,0.57735538,4.957322801
batter_rbis,2023-08-03T23:11:33Z,Over,Jake Bauers,195,0.5,1,0.338983051,2,0.677966102,0.57735538,4.957322801
batter_rbis,2023-08-03T23:08:27Z,Over,Jake Bauers,195,0.5,1,0.338983051,2,0.677966102,0.57735538,4.957322801
batter_rbis,2023-08-03T23:08:40Z,Over,Jake Bauers,185,0.5,1,0.350877193,2,0.701754386,0.57735538,4.957322801
batter_rbis,2023-08-03T23:08:19Z,Over,Jake Bauers,168,0.5,1,0.373134328,2,0.746268657,0.57735538,4.957322801
batter_home_runs,2023-08-03T23:08:18Z,Over,Jake Meyers,850,0.5,1,0.105263158,4,0.421052632,0.418292271,3.477862517
batter_home_runs,2023-08-03T23:08:54Z,Over,Jake Meyers,870,0.5,1,0.103092784,4,0.412371134,0.418292271,3.477862517
batter_home_runs,2023-08-03T23:08:24Z,Over,Jake Meyers,750,0.5,1,0.117647059,4,0.470588235,0.418292271,3.477862517
batter_home_runs,2023-08-03T23:10:49Z,Over,Jake Meyers,1000,0.5,1,0.090909091,4,0.363636364,0.418292271,3.477862517
batter_home_runs,2023-08-03T23:08:40Z,Over,Jake Meyers,850,0.5,1,0.105263158,4,0.421052632,0.418292271,3.477862517
batter_home_runs,2023-08-03T23:08:19Z,Over,Jake Meyers,850,0.5,1,0.105263158,4,0.421052632,0.418292271,3.477862517
batter_singles,2023-08-03T23:08:18Z,Over,Jake Meyers,110,0.5,1,0.476190476,2.5,1.19047619,1.205357143,3.477862517
batter_singles,2023-08-03T23:08:54Z,Over,Jake Meyers,110,0.5,1,0.476190476,2.5,1.19047619,1.205357143,3.477862517
batter_singles,2023-08-03T23:08:24Z,Over,Jake Meyers,110,0.5,1,0.476190476,2.5,1.19047619,1.205357143,3.477862517
batter_singles,2023-08-03T23:08:19Z,Over,Jake Meyers,100,0.5,1,0.5,2.5,1.25,1.205357143,3.477862517
batter_doubles,2023-08-03T23:08:18Z,Over,Jake Meyers,500,0.5,1,0.166666667,3,0.5,0.520067698,3.477862517
batter_doubles,2023-08-03T23:08:54Z,Over,Jake Meyers,500,0.5,1,0.166666667,3,0.5,0.520067698,3.477862517
batter_doubles,2023-08-03T23:08:24Z,Over,Jake Meyers,500,0.5,1,0.166666667,3,0.5,0.520067698,3.477862517
batter_doubles,2023-08-03T23:08:19Z,Over,Jake Meyers,417,0.5,1,0.193423598,3,0.580270793,0.520067698,3.477862517
batter_triples,2023-08-03T23:08:54Z,Over,Jake Meyers,3700,0.5,1,0.026315789,3.5,0.092105263,0.129385965,3.477862517
batter_triples,2023-08-03T23:08:24Z,Over,Jake Meyers,2000,0.5,1,0.047619048,3.5,0.166666667,0.129385965,3.477862517
batter_runs_scored,2023-08-03T23:08:18Z,Over,Jake Meyers,205,0.5,1,0.327868852,2,0.655737705,0.58641805,3.477862517
batter_runs_scored,2023-08-03T23:08:54Z,Over,Jake Meyers,3200,2.5,3,0.03030303,2,0.181818182,0.58641805,3.477862517
batter_runs_scored,2023-08-03T23:08:54Z,Over,Jake Meyers,170,0.5,1,0.37037037,2,0.740740741,0.58641805,3.477862517
batter_runs_scored,2023-08-03T23:08:54Z,Over,Jake Meyers,700,1.5,2,0.125,2,0.5,0.58641805,3.477862517
batter_runs_scored,2023-08-03T23:08:24Z,Over,Jake Meyers,200,0.5,1,0.333333333,2,0.666666667,0.58641805,3.477862517
batter_runs_scored,2023-08-03T23:08:40Z,Over,Jake Meyers,205,0.5,1,0.327868852,2,0.655737705,0.58641805,3.477862517
batter_runs_scored,2023-08-03T23:08:19Z,Over,Jake Meyers,184,0.5,1,0.352112676,2,0.704225352,0.58641805,3.477862517
batter_walks,2023-08-03T23:08:18Z,Over,Jake Meyers,265,0.5,1,0.273972603,2,0.547945205,0.547945205,3.477862517
batter_strikeouts,2023-08-03T23:08:18Z,Over,Jake Meyers,200,1.5,2,0.333333333,-1,-0.666666667,-0.666666667,3.477862517
batter_stolen_bases,2023-08-03T23:08:18Z,Over,Jake Meyers,1000,0.5,1,0.090909091,3,0.272727273,0.28432282,3.477862517
batter_stolen_bases,2023-08-03T23:08:54Z,Over,Jake Meyers,880,0.5,1,0.102040816,3,0.306122449,0.28432282,3.477862517
batter_stolen_bases,2023-08-03T23:08:24Z,Over,Jake Meyers,950,0.5,1,0.095238095,3,0.285714286,0.28432282,3.477862517
batter_stolen_bases,2023-08-03T23:08:40Z,Over,Jake Meyers,1000,0.5,1,0.090909091,3,0.272727273,0.28432282,3.477862517
batter_rbis,2023-08-03T23:08:18Z,Over,Jake Meyers,245,0.5,1,0.289855072,2,0.579710145,0.45274003,3.477862517
batter_rbis,2023-08-03T23:08:54Z,Over,Jake Meyers,800,1.5,2,0.111111111,2,0.444444444,0.45274003,3.477862517
batter_rbis,2023-08-03T23:08:54Z,Over,Jake Meyers,2700,2.5,3,0.035714286,2,0.214285714,0.45274003,3.477862517
batter_rbis,2023-08-03T23:08:54Z,Over,Jake Meyers,8000,3.5,4,0.012345679,2,0.098765432,0.45274003,3.477862517
batter_rbis,2023-08-03T23:08:54Z,Over,Jake Meyers,210,0.5,1,0.322580645,2,0.64516129,0.45274003,3.477862517
batter_rbis,2023-08-03T23:08:40Z,Over,Jake Meyers,250,0.5,1,0.285714286,2,0.571428571,0.45274003,3.477862517
batter_rbis,2023-08-03T23:08:19Z,Over,Jake Meyers,225,0.5,1,0.307692308,2,0.615384615,0.45274003,3.477862517
batter_home_runs,2023-08-03T23:08:18Z,Over,Jeremy Pena,700,0.5,1,0.125,4,0.5,0.530806007,4.244246619
batter_home_runs,2023-08-03T23:08:54Z,Over,Jeremy Pena,630,0.5,1,0.136986301,4,0.547945205,0.530806007,4.244246619
batter_home_runs,2023-08-03T23:08:24Z,Over,Jeremy Pena,625,0.5,1,0.137931034,4,0.551724138,0.530806007,4.244246619
batter_home_runs,2023-08-03T23:10:49Z,Over,Jeremy Pena,750,0.5,1,0.117647059,4,0.470588235,0.530806007,4.244246619
batter_home_runs,2023-08-03T23:11:33Z,Over,Jeremy Pena,600,0.5,1,0.142857143,4,0.571428571,0.530806007,4.244246619
batter_home_runs,2023-08-03T23:08:27Z,Over,Jeremy Pena,600,0.5,1,0.142857143,4,0.571428571,0.530806007,4.244246619
batter_home_runs,2023-08-03T23:08:40Z,Over,Jeremy Pena,700,0.5,1,0.125,4,0.5,0.530806007,4.244246619
batter_home_runs,2023-08-03T23:08:19Z,Over,Jeremy Pena,650,0.5,1,0.133333333,4,0.533333333,0.530806007,4.244246619
batter_singles,2023-08-03T23:08:18Z,Over,Jeremy Pena,-130,0.5,1,0.565217391,2.5,1.413043478,1.454715236,4.244246619
batter_singles,2023-08-03T23:08:54Z,Over,Jeremy Pena,-165,0.5,1,0.622641509,2.5,1.556603774,1.454715236,4.244246619
batter_singles,2023-08-03T23:08:24Z,Over,Jeremy Pena,-130,0.5,1,0.565217391,2.5,1.413043478,1.454715236,4.244246619
batter_singles,2023-08-03T23:08:19Z,Over,Jeremy Pena,-135,0.5,1,0.574468085,2.5,1.436170213,1.454715236,4.244246619
batter_doubles,2023-08-03T23:08:18Z,Over,Jeremy Pena,400,0.5,1,0.2,3,0.6,0.596316819,4.244246619
batter_doubles,2023-08-03T23:08:54Z,Over,Jeremy Pena,360,0.5,1,0.217391304,3,0.652173913,0.596316819,4.244246619
batter_doubles,2023-08-03T23:08:24Z,Over,Jeremy Pena,400,0.5,1,0.2,3,0.6,0.596316819,4.244246619
batter_doubles,2023-08-03T23:11:33Z,Over,Jeremy Pena,480,0.5,1,0.172413793,3,0.517241379,0.596316819,4.244246619
batter_doubles,2023-08-03T23:08:27Z,Over,Jeremy Pena,480,0.5,1,0.172413793,3,0.517241379,0.596316819,4.244246619
batter_doubles,2023-08-03T23:08:19Z,Over,Jeremy Pena,334,0.5,1,0.230414747,3,0.69124424,0.596316819,4.244246619
batter_triples,2023-08-03T23:08:24Z,Over,Jeremy Pena,2000,0.5,1,0.047619048,3.5,0.166666667,0.166666667,4.244246619
batter_runs_scored,2023-08-03T23:08:18Z,Over,Jeremy Pena,120,0.5,1,0.454545455,2,0.909090909,0.834576542,4.244246619
batter_runs_scored,2023-08-03T23:08:54Z,Over,Jeremy Pena,1800,2.5,3,0.052631579,2,0.315789474,0.834576542,4.244246619
batter_runs_scored,2023-08-03T23:08:54Z,Over,Jeremy Pena,-105,0.5,1,0.512195122,2,1.024390244,0.834576542,4.244246619
batter_runs_scored,2023-08-03T23:08:54Z,Over,Jeremy Pena,410,1.5,2,0.196078431,2,0.784313725,0.834576542,4.244246619
batter_runs_scored,2023-08-03T23:11:33Z,Over,Jeremy Pena,112,0.5,1,0.471698113,2,0.943396226,0.834576542,4.244246619
batter_runs_scored,2023-08-03T23:08:27Z,Over,Jeremy Pena,112,0.5,1,0.471698113,2,0.943396226,0.834576542,4.244246619
batter_runs_scored,2023-08-03T23:08:19Z,Over,Jeremy Pena,117,0.5,1,0.460829493,2,0.921658986,0.834576542,4.244246619
batter_walks,2023-08-03T23:08:18Z,Over,Jeremy Pena,340,0.5,1,0.227272727,2,0.454545455,0.454545455,4.244246619
batter_strikeouts,2023-08-03T23:08:18Z,Over,Jeremy Pena,185,1.5,2,0.350877193,-1,-0.701754386,-0.701754386,4.244246619
batter_stolen_bases,2023-08-03T23:08:18Z,Over,Jeremy Pena,650,0.5,1,0.133333333,3,0.4,0.400850873,4.244246619
batter_stolen_bases,2023-08-03T23:08:54Z,Over,Jeremy Pena,670,0.5,1,0.12987013,3,0.38961039,0.400850873,4.244246619
batter_stolen_bases,2023-08-03T23:08:24Z,Over,Jeremy Pena,625,0.5,1,0.137931034,3,0.413793103,0.400850873,4.244246619
batter_stolen_bases,2023-08-03T23:08:40Z,Over,Jeremy Pena,650,0.5,1,0.133333333,3,0.4,0.400850873,4.244246619
batter_rbis,2023-08-03T23:08:18Z,Over,Jeremy Pena,250,0.5,1,0.285714286,2,0.571428571,0.507523408,4.244246619
batter_rbis,2023-08-03T23:08:54Z,Over,Jeremy Pena,800,1.5,2,0.111111111,2,0.444444444,0.507523408,4.244246619
batter_rbis,2023-08-03T23:08:54Z,Over,Jeremy Pena,2600,2.5,3,0.037037037,2,0.222222222,0.507523408,4.244246619
batter_rbis,2023-08-03T23:08:54Z,Over,Jeremy Pena,7500,3.5,4,0.013157895,2,0.105263158,0.507523408,4.244246619
batter_rbis,2023-08-03T23:08:54Z,Over,Jeremy Pena,190,0.5,1,0.344827586,2,0.689655172,0.507523408,4.244246619
batter_rbis,2023-08-03T23:11:33Z,Over,Jeremy Pena,195,0.5,1,0.338983051,2,0.677966102,0.507523408,4.244246619
batter_rbis,2023-08-03T23:08:27Z,Over,Jeremy Pena,195,0.5,1,0.338983051,2,0.677966102,0.507523408,4.244246619
batter_rbis,2023-08-03T23:08:40Z,Over,Jeremy Pena,255,0.5,1,0.281690141,2,0.563380282,0.507523408,4.244246619
batter_rbis,2023-08-03T23:08:19Z,Over,Jeremy Pena,225,0.5,1,0.307692308,2,0.615384615,0.507523408,4.244246619
batter_home_runs,2023-08-03T23:08:18Z,Over,Jose Abreu,700,0.5,1,0.125,4,0.5,0.542752101,3.620483202
batter_home_runs,2023-08-03T23:08:54Z,Over,Jose Abreu,500,0.5,1,0.166666667,4,0.666666667,0.542752101,3.620483202
batter_home_runs,2023-08-03T23:08:24Z,Over,Jose Abreu,600,0.5,1,0.142857143,4,0.571428571,0.542752101,3.620483202
batter_home_runs,2023-08-03T23:10:49Z,Over,Jose Abreu,750,0.5,1,0.117647059,4,0.470588235,0.542752101,3.620483202
batter_home_runs,2023-08-03T23:11:33Z,Over,Jose Abreu,650,0.5,1,0.133333333,4,0.533333333,0.542752101,3.620483202
batter_home_runs,2023-08-03T23:08:27Z,Over,Jose Abreu,650,0.5,1,0.133333333,4,0.533333333,0.542752101,3.620483202
batter_home_runs,2023-08-03T23:08:40Z,Over,Jose Abreu,650,0.5,1,0.133333333,4,0.533333333,0.542752101,3.620483202
batter_home_runs,2023-08-03T23:08:19Z,Over,Jose Abreu,650,0.5,1,0.133333333,4,0.533333333,0.542752101,3.620483202
batter_singles,2023-08-03T23:08:18Z,Over,Jose Abreu,-120,0.5,1,0.545454545,2.5,1.363636364,1.371234974,3.620483202
batter_singles,2023-08-03T23:08:54Z,Over,Jose Abreu,-125,0.5,1,0.555555556,2.5,1.388888889,1.371234974,3.620483202
batter_singles,2023-08-03T23:08:24Z,Over,Jose Abreu,-120,0.5,1,0.545454545,2.5,1.363636364,1.371234974,3.620483202
batter_singles,2023-08-03T23:08:19Z,Over,Jose Abreu,-121,0.5,1,0.547511312,2.5,1.368778281,1.371234974,3.620483202
batter_doubles,2023-08-03T23:08:18Z,Over,Jose Abreu,400,0.5,1,0.2,3,0.6,0.575942685,3.620483202
batter_doubles,2023-08-03T23:08:54Z,Over,Jose Abreu,420,0.5,1,0.192307692,3,0.576923077,0.575942685,3.620483202
batter_doubles,2023-08-03T23:08:24Z,Over,Jose Abreu,400,0.5,1,0.2,3,0.6,0.575942685,3.620483202
batter_doubles,2023-08-03T23:11:33Z,Over,Jose Abreu,500,0.5,1,0.166666667,3,0.5,0.575942685,3.620483202
batter_doubles,2023-08-03T23:08:27Z,Over,Jose Abreu,500,0.5,1,0.166666667,3,0.5,0.575942685,3.620483202
batter_doubles,2023-08-03T23:08:19Z,Over,Jose Abreu,342,0.5,1,0.226244344,3,0.678733032,0.575942685,3.620483202
batter_runs_scored,2023-08-03T23:08:18Z,Over,Jose Abreu,170,0.5,1,0.37037037,2,0.740740741,0.7339201,3.620483202
batter_runs_scored,2023-08-03T23:08:54Z,Over,Jose Abreu,1800,2.5,3,0.052631579,2,0.315789474,0.7339201,3.620483202
batter_runs_scored,2023-08-03T23:08:54Z,Over,Jose Abreu,120,0.5,1,0.454545455,2,0.909090909,0.7339201,3.620483202
batter_runs_scored,2023-08-03T23:08:54Z,Over,Jose Abreu,410,1.5,2,0.196078431,2,0.784313725,0.7339201,3.620483202
batter_runs_scored,2023-08-03T23:11:33Z,Over,Jose Abreu,148,0.5,1,0.403225806,2,0.806451613,0.7339201,3.620483202
batter_runs_scored,2023-08-03T23:08:27Z,Over,Jose Abreu,148,0.5,1,0.403225806,2,0.806451613,0.7339201,3.620483202
batter_runs_scored,2023-08-03T23:08:40Z,Over,Jose Abreu,175,0.5,1,0.363636364,2,0.727272727,0.7339201,3.620483202
batter_runs_scored,2023-08-03T23:08:19Z,Over,Jose Abreu,156,0.5,1,0.390625,2,0.78125,0.7339201,3.620483202
batter_walks,2023-08-03T23:08:18Z,Over,Jose Abreu,285,0.5,1,0.25974026,2,0.519480519,0.519480519,3.620483202
batter_strikeouts,2023-08-03T23:08:18Z,Over,Jose Abreu,-250,0.5,1,0.714285714,-1,-0.714285714,-0.714285714,3.620483202
batter_rbis,2023-08-03T23:08:18Z,Over,Jose Abreu,215,0.5,1,0.317460317,2,0.634920635,0.591438537,3.620483202
batter_rbis,2023-08-03T23:08:54Z,Over,Jose Abreu,550,1.5,2,0.153846154,2,0.615384615,0.591438537,3.620483202
batter_rbis,2023-08-03T23:08:54Z,Over,Jose Abreu,1600,2.5,3,0.058823529,2,0.352941176,0.591438537,3.620483202
batter_rbis,2023-08-03T23:08:54Z,Over,Jose Abreu,4400,3.5,4,0.022222222,2,0.177777778,0.591438537,3.620483202
batter_rbis,2023-08-03T23:08:54Z,Over,Jose Abreu,155,0.5,1,0.392156863,2,0.784313725,0.591438537,3.620483202
batter_rbis,2023-08-03T23:08:24Z,Over,Jose Abreu,210,0.5,1,0.322580645,2,0.64516129,0.591438537,3.620483202
batter_rbis,2023-08-03T23:11:33Z,Over,Jose Abreu,190,0.5,1,0.344827586,2,0.689655172,0.591438537,3.620483202
batter_rbis,2023-08-03T23:08:27Z,Over,Jose Abreu,190,0.5,1,0.344827586,2,0.689655172,0.591438537,3.620483202
batter_rbis,2023-08-03T23:08:40Z,Over,Jose Abreu,215,0.5,1,0.317460317,2,0.634920635,0.591438537,3.620483202
batter_rbis,2023-08-03T23:08:19Z,Over,Jose Abreu,190,0.5,1,0.344827586,2,0.689655172,0.591438537,3.620483202
batter_home_runs,2023-08-03T23:08:18Z,Over,Jose Altuve,600,0.5,1,0.142857143,4,0.571428571,0.600906038,4.79461239
batter_home_runs,2023-08-03T23:08:54Z,Over,Jose Altuve,450,0.5,1,0.181818182,4,0.727272727,0.600906038,4.79461239
batter_home_runs,2023-08-03T23:08:24Z,Over,Jose Altuve,575,0.5,1,0.148148148,4,0.592592593,0.600906038,4.79461239
batter_home_runs,2023-08-03T23:10:49Z,Over,Jose Altuve,700,0.5,1,0.125,4,0.5,0.600906038,4.79461239
batter_home_runs,2023-08-03T23:11:33Z,Over,Jose Altuve,575,0.5,1,0.148148148,4,0.592592593,0.600906038,4.79461239
batter_home_runs,2023-08-03T23:08:27Z,Over,Jose Altuve,575,0.5,1,0.148148148,4,0.592592593,0.600906038,4.79461239
batter_home_runs,2023-08-03T23:08:40Z,Over,Jose Altuve,550,0.5,1,0.153846154,4,0.615384615,0.600906038,4.79461239
batter_home_runs,2023-08-03T23:08:19Z,Over,Jose Altuve,550,0.5,1,0.153846154,4,0.615384615,0.600906038,4.79461239
batter_singles,2023-08-03T23:08:18Z,Over,Jose Altuve,-130,0.5,1,0.565217391,2.5,1.413043478,1.430856928,4.79461239
batter_singles,2023-08-03T23:08:54Z,Over,Jose Altuve,-145,0.5,1,0.591836735,2.5,1.479591837,1.430856928,4.79461239
batter_singles,2023-08-03T23:08:24Z,Over,Jose Altuve,-130,0.5,1,0.565217391,2.5,1.413043478,1.430856928,4.79461239
batter_singles,2023-08-03T23:08:19Z,Over,Jose Altuve,-131,0.5,1,0.567099567,2.5,1.417748918,1.430856928,4.79461239
batter_doubles,2023-08-03T23:08:18Z,Over,Jose Altuve,360,0.5,1,0.217391304,3,0.652173913,0.63684031,4.79461239
batter_doubles,2023-08-03T23:08:54Z,Over,Jose Altuve,360,0.5,1,0.217391304,3,0.652173913,0.63684031,4.79461239
batter_doubles,2023-08-03T23:08:24Z,Over,Jose Altuve,350,0.5,1,0.222222222,3,0.666666667,0.63684031,4.79461239
batter_doubles,2023-08-03T23:11:33Z,Over,Jose Altuve,440,0.5,1,0.185185185,3,0.555555556,0.63684031,4.79461239
batter_doubles,2023-08-03T23:08:27Z,Over,Jose Altuve,440,0.5,1,0.185185185,3,0.555555556,0.63684031,4.79461239
batter_doubles,2023-08-03T23:08:19Z,Over,Jose Altuve,306,0.5,1,0.246305419,3,0.738916256,0.63684031,4.79461239
batter_triples,2023-08-03T23:08:24Z,Over,Jose Altuve,2500,0.5,1,0.038461538,3.5,0.134615385,0.134615385,4.79461239
batter_runs_scored,2023-08-03T23:08:18Z,Over,Jose Altuve,110,0.5,1,0.476190476,2,0.952380952,0.937475606,4.79461239
batter_runs_scored,2023-08-03T23:08:54Z,Over,Jose Altuve,1100,2.5,3,0.083333333,2,0.5,0.937475606,4.79461239
batter_runs_scored,2023-08-03T23:08:54Z,Over,Jose Altuve,-130,0.5,1,0.565217391,2,1.130434783,0.937475606,4.79461239
batter_runs_scored,2023-08-03T23:08:54Z,Over,Jose Altuve,290,1.5,2,0.256410256,2,1.025641026,0.937475606,4.79461239
batter_runs_scored,2023-08-03T23:11:33Z,Over,Jose Altuve,100,0.5,1,0.5,2,1,0.937475606,4.79461239
batter_runs_scored,2023-08-03T23:08:27Z,Over,Jose Altuve,100,0.5,1,0.5,2,1,0.937475606,4.79461239
batter_runs_scored,2023-08-03T23:08:40Z,Over,Jose Altuve,110,0.5,1,0.476190476,2,0.952380952,0.937475606,4.79461239
batter_runs_scored,2023-08-03T23:08:19Z,Over,Jose Altuve,113,0.5,1,0.469483568,2,0.938967136,0.937475606,4.79461239
batter_walks,2023-08-03T23:08:18Z,Over,Jose Altuve,210,0.5,1,0.322580645,2,0.64516129,0.64516129,4.79461239
batter_strikeouts,2023-08-03T23:08:18Z,Over,Jose Altuve,-185,0.5,1,0.649122807,-1,-0.649122807,-0.649122807,4.79461239
batter_stolen_bases,2023-08-03T23:08:18Z,Over,Jose Altuve,550,0.5,1,0.153846154,3,0.461538462,0.514612199,4.79461239
batter_stolen_bases,2023-08-03T23:08:54Z,Over,Jose Altuve,550,0.5,1,0.153846154,3,0.461538462,0.514612199,4.79461239
batter_stolen_bases,2023-08-03T23:08:24Z,Over,Jose Altuve,475,0.5,1,0.173913043,3,0.52173913,0.514612199,4.79461239
batter_stolen_bases,2023-08-03T23:11:33Z,Over,Jose Altuve,425,0.5,1,0.19047619,3,0.571428571,0.514612199,4.79461239
batter_stolen_bases,2023-08-03T23:08:27Z,Over,Jose Altuve,425,0.5,1,0.19047619,3,0.571428571,0.514612199,4.79461239
batter_stolen_bases,2023-08-03T23:08:40Z,Over,Jose Altuve,500,0.5,1,0.166666667,3,0.5,0.514612199,4.79461239
batter_rbis,2023-08-03T23:08:18Z,Over,Jose Altuve,230,0.5,1,0.303030303,2,0.606060606,0.543267441,4.79461239
batter_rbis,2023-08-03T23:08:54Z,Over,Jose Altuve,700,1.5,2,0.125,2,0.5,0.543267441,4.79461239
batter_rbis,2023-08-03T23:08:54Z,Over,Jose Altuve,2100,2.5,3,0.045454545,2,0.272727273,0.543267441,4.79461239
batter_rbis,2023-08-03T23:08:54Z,Over,Jose Altuve,5500,3.5,4,0.017857143,2,0.142857143,0.543267441,4.79461239
batter_rbis,2023-08-03T23:08:54Z,Over,Jose Altuve,170,0.5,1,0.37037037,2,0.740740741,0.543267441,4.79461239
batter_rbis,2023-08-03T23:08:24Z,Over,Jose Altuve,230,0.5,1,0.303030303,2,0.606060606,0.543267441,4.79461239
batter_rbis,2023-08-03T23:11:33Z,Over,Jose Altuve,205,0.5,1,0.327868852,2,0.655737705,0.543267441,4.79461239
batter_rbis,2023-08-03T23:08:27Z,Over,Jose Altuve,205,0.5,1,0.327868852,2,0.655737705,0.543267441,4.79461239
batter_rbis,2023-08-03T23:08:40Z,Over,Jose Altuve,235,0.5,1,0.298507463,2,0.597014925,0.543267441,4.79461239
batter_rbis,2023-08-03T23:08:19Z,Over,Jose Altuve,205,0.5,1,0.327868852,2,0.655737705,0.543267441,4.79461239
batter_home_runs,2023-08-03T23:08:18Z,Over,Kyle Tucker,450,0.5,1,0.181818182,4,0.727272727,0.770426778,5.167833543
batter_home_runs,2023-08-03T23:08:54Z,Over,Kyle Tucker,370,0.5,1,0.212765957,4,0.85106383,0.770426778,5.167833543
batter_home_runs,2023-08-03T23:08:24Z,Over,Kyle Tucker,400,0.5,1,0.2,4,0.8,0.770426778,5.167833543
batter_home_runs,2023-08-03T23:10:49Z,Over,Kyle Tucker,425,0.5,1,0.19047619,4,0.761904762,0.770426778,5.167833543
batter_home_runs,2023-08-03T23:11:33Z,Over,Kyle Tucker,410,0.5,1,0.196078431,4,0.784313725,0.770426778,5.167833543
batter_home_runs,2023-08-03T23:08:27Z,Over,Kyle Tucker,410,0.5,1,0.196078431,4,0.784313725,0.770426778,5.167833543
batter_home_runs,2023-08-03T23:08:40Z,Over,Kyle Tucker,450,0.5,1,0.181818182,4,0.727272727,0.770426778,5.167833543
batter_home_runs,2023-08-03T23:08:19Z,Over,Kyle Tucker,450,0.5,1,0.181818182,4,0.727272727,0.770426778,5.167833543
batter_singles,2023-08-03T23:08:18Z,Over,Kyle Tucker,-105,0.5,1,0.512195122,2.5,1.280487805,1.336400006,5.167833543
batter_singles,2023-08-03T23:08:54Z,Over,Kyle Tucker,-140,0.5,1,0.583333333,2.5,1.458333333,1.336400006,5.167833543
batter_singles,2023-08-03T23:08:24Z,Over,Kyle Tucker,-105,0.5,1,0.512195122,2.5,1.280487805,1.336400006,5.167833543
batter_singles,2023-08-03T23:08:19Z,Over,Kyle Tucker,-113,0.5,1,0.530516432,2.5,1.32629108,1.336400006,5.167833543
batter_doubles,2023-08-03T23:08:18Z,Over,Kyle Tucker,340,0.5,1,0.227272727,3,0.681818182,0.649116108,5.167833543
batter_doubles,2023-08-03T23:08:54Z,Over,Kyle Tucker,370,0.5,1,0.212765957,3,0.638297872,0.649116108,5.167833543
batter_doubles,2023-08-03T23:08:24Z,Over,Kyle Tucker,340,0.5,1,0.227272727,3,0.681818182,0.649116108,5.167833543
batter_doubles,2023-08-03T23:11:33Z,Over,Kyle Tucker,420,0.5,1,0.192307692,3,0.576923077,0.649116108,5.167833543
batter_doubles,2023-08-03T23:08:27Z,Over,Kyle Tucker,420,0.5,1,0.192307692,3,0.576923077,0.649116108,5.167833543
batter_doubles,2023-08-03T23:08:19Z,Over,Kyle Tucker,306,0.5,1,0.246305419,3,0.738916256,0.649116108,5.167833543
batter_triples,2023-08-03T23:08:24Z,Over,Kyle Tucker,2500,0.5,1,0.038461538,3.5,0.134615385,0.134615385,5.167833543
batter_runs_scored,2023-08-03T23:08:18Z,Over,Kyle Tucker,110,0.5,1,0.476190476,2,0.952380952,0.951576955,5.167833543
batter_runs_scored,2023-08-03T23:08:54Z,Over,Kyle Tucker,1000,2.5,3,0.090909091,2,0.545454545,0.951576955,5.167833543
batter_runs_scored,2023-08-03T23:08:54Z,Over,Kyle Tucker,-130,0.5,1,0.565217391,2,1.130434783,0.951576955,5.167833543
batter_runs_scored,2023-08-03T23:08:54Z,Over,Kyle Tucker,270,1.5,2,0.27027027,2,1.081081081,0.951576955,5.167833543
batter_runs_scored,2023-08-03T23:11:33Z,Over,Kyle Tucker,104,0.5,1,0.490196078,2,0.980392157,0.951576955,5.167833543
batter_runs_scored,2023-08-03T23:08:27Z,Over,Kyle Tucker,104,0.5,1,0.490196078,2,0.980392157,0.951576955,5.167833543
batter_runs_scored,2023-08-03T23:08:40Z,Over,Kyle Tucker,110,0.5,1,0.476190476,2,0.952380952,0.951576955,5.167833543
batter_runs_scored,2023-08-03T23:08:19Z,Over,Kyle Tucker,102,0.5,1,0.495049505,2,0.99009901,0.951576955,5.167833543
batter_walks,2023-08-03T23:08:18Z,Over,Kyle Tucker,165,0.5,1,0.377358491,2,0.754716981,0.754716981,5.167833543
batter_strikeouts,2023-08-03T23:08:18Z,Over,Kyle Tucker,-185,0.5,1,0.649122807,-1,-0.649122807,-0.649122807,5.167833543
batter_stolen_bases,2023-08-03T23:08:18Z,Over,Kyle Tucker,450,0.5,1,0.181818182,3,0.545454545,0.534632035,5.167833543
batter_stolen_bases,2023-08-03T23:08:54Z,Over,Kyle Tucker,450,0.5,1,0.181818182,3,0.545454545,0.534632035,5.167833543
batter_stolen_bases,2023-08-03T23:08:24Z,Over,Kyle Tucker,425,0.5,1,0.19047619,3,0.571428571,0.534632035,5.167833543
batter_stolen_bases,2023-08-03T23:11:33Z,Over,Kyle Tucker,500,0.5,1,0.166666667,3,0.5,0.534632035,5.167833543
batter_stolen_bases,2023-08-03T23:08:27Z,Over,Kyle Tucker,500,0.5,1,0.166666667,3,0.5,0.534632035,5.167833543
batter_stolen_bases,2023-08-03T23:08:40Z,Over,Kyle Tucker,450,0.5,1,0.181818182,3,0.545454545,0.534632035,5.167833543
batter_rbis,2023-08-03T23:08:18Z,Over,Kyle Tucker,165,0.5,1,0.377358491,2,0.754716981,0.685472104,5.167833543
batter_rbis,2023-08-03T23:08:54Z,Over,Kyle Tucker,470,1.5,2,0.175438596,2,0.701754386,0.685472104,5.167833543
batter_rbis,2023-08-03T23:08:54Z,Over,Kyle Tucker,1400,2.5,3,0.066666667,2,0.4,0.685472104,5.167833543
batter_rbis,2023-08-03T23:08:54Z,Over,Kyle Tucker,3900,3.5,4,0.025,2,0.2,0.685472104,5.167833543
batter_rbis,2023-08-03T23:08:54Z,Over,Kyle Tucker,125,0.5,1,0.444444444,2,0.888888889,0.685472104,5.167833543
batter_rbis,2023-08-03T23:08:24Z,Over,Kyle Tucker,165,0.5,1,0.377358491,2,0.754716981,0.685472104,5.167833543
batter_rbis,2023-08-03T23:11:33Z,Over,Kyle Tucker,145,0.5,1,0.408163265,2,0.816326531,0.685472104,5.167833543
batter_rbis,2023-08-03T23:08:27Z,Over,Kyle Tucker,145,0.5,1,0.408163265,2,0.816326531,0.685472104,5.167833543
batter_rbis,2023-08-03T23:08:40Z,Over,Kyle Tucker,170,0.5,1,0.37037037,2,0.740740741,0.685472104,5.167833543
batter_rbis,2023-08-03T23:08:19Z,Over,Kyle Tucker,156,0.5,1,0.390625,2,0.78125,0.685472104,5.167833543
batter_home_runs,2023-08-03T23:08:18Z,Over,Martin Maldonado,850,0.5,1,0.105263158,4,0.421052632,0.418761881,1.827018202
batter_home_runs,2023-08-03T23:08:54Z,Over,Martin Maldonado,800,0.5,1,0.111111111,4,0.444444444,0.418761881,1.827018202
batter_home_runs,2023-08-03T23:08:24Z,Over,Martin Maldonado,775,0.5,1,0.114285714,4,0.457142857,0.418761881,1.827018202
batter_home_runs,2023-08-03T23:10:49Z,Over,Martin Maldonado,1050,0.5,1,0.086956522,4,0.347826087,0.418761881,1.827018202
batter_home_runs,2023-08-03T23:08:40Z,Over,Martin Maldonado,850,0.5,1,0.105263158,4,0.421052632,0.418761881,1.827018202
batter_home_runs,2023-08-03T23:08:19Z,Over,Martin Maldonado,850,0.5,1,0.105263158,4,0.421052632,0.418761881,1.827018202
batter_singles,2023-08-03T23:08:18Z,Over,Martin Maldonado,185,0.5,1,0.350877193,2.5,0.877192982,0.916903486,1.827018202
batter_singles,2023-08-03T23:08:54Z,Over,Martin Maldonado,155,0.5,1,0.392156863,2.5,0.980392157,0.916903486,1.827018202
batter_singles,2023-08-03T23:08:24Z,Over,Martin Maldonado,185,0.5,1,0.350877193,2.5,0.877192982,0.916903486,1.827018202
batter_singles,2023-08-03T23:08:19Z,Over,Martin Maldonado,168,0.5,1,0.373134328,2.5,0.932835821,0.916903486,1.827018202
batter_doubles,2023-08-03T23:08:18Z,Over,Martin Maldonado,700,0.5,1,0.125,3,0.375,0.396120527,1.827018202
batter_doubles,2023-08-03T23:08:54Z,Over,Martin Maldonado,750,0.5,1,0.117647059,3,0.352941176,0.396120527,1.827018202
batter_doubles,2023-08-03T23:08:24Z,Over,Martin Maldonado,700,0.5,1,0.125,3,0.375,0.396120527,1.827018202
batter_doubles,2023-08-03T23:08:19Z,Over,Martin Maldonado,523,0.5,1,0.160513644,3,0.481540931,0.396120527,1.827018202
batter_runs_scored,2023-08-03T23:08:18Z,Over,Martin Maldonado,235,0.5,1,0.298507463,2,0.597014925,0.527396951,1.827018202
batter_runs_scored,2023-08-03T23:08:54Z,Over,Martin Maldonado,3000,2.5,3,0.032258065,2,0.193548387,0.527396951,1.827018202
batter_runs_scored,2023-08-03T23:08:54Z,Over,Martin Maldonado,180,0.5,1,0.357142857,2,0.714285714,0.527396951,1.827018202
batter_runs_scored,2023-08-03T23:08:54Z,Over,Martin Maldonado,650,1.5,2,0.133333333,2,0.533333333,0.527396951,1.827018202
batter_runs_scored,2023-08-03T23:08:19Z,Over,Martin Maldonado,234,0.5,1,0.299401198,2,0.598802395,0.527396951,1.827018202
batter_strikeouts,2023-08-03T23:08:18Z,Over,Martin Maldonado,140,1.5,2,0.416666667,-1,-0.833333333,-0.833333333,1.827018202
batter_rbis,2023-08-03T23:08:18Z,Over,Martin Maldonado,330,0.5,1,0.23255814,2,0.465116279,0.401168691,1.827018202
batter_rbis,2023-08-03T23:08:54Z,Over,Martin Maldonado,950,1.5,2,0.095238095,2,0.380952381,0.401168691,1.827018202
batter_rbis,2023-08-03T23:08:54Z,Over,Martin Maldonado,2900,2.5,3,0.033333333,2,0.2,0.401168691,1.827018202
batter_rbis,2023-08-03T23:08:54Z,Over,Martin Maldonado,8500,3.5,4,0.011627907,2,0.093023256,0.401168691,1.827018202
batter_rbis,2023-08-03T23:08:54Z,Over,Martin Maldonado,250,0.5,1,0.285714286,2,0.571428571,0.401168691,1.827018202
batter_rbis,2023-08-03T23:08:24Z,Over,Martin Maldonado,320,0.5,1,0.238095238,2,0.476190476,0.401168691,1.827018202
batter_rbis,2023-08-03T23:08:40Z,Over,Martin Maldonado,320,0.5,1,0.238095238,2,0.476190476,0.401168691,1.827018202
batter_rbis,2023-08-03T23:08:19Z,Over,Martin Maldonado,266,0.5,1,0.273224044,2,0.546448087,0.401168691,1.827018202
batter_home_runs,2023-08-03T23:08:18Z,Over,Yordan Alvarez,300,0.5,1,0.25,4,1,1.013941614,4.778772623
batter_home_runs,2023-08-03T23:08:54Z,Over,Yordan Alvarez,285,0.5,1,0.25974026,4,1.038961039,1.013941614,4.778772623
batter_home_runs,2023-08-03T23:08:24Z,Over,Yordan Alvarez,275,0.5,1,0.266666667,4,1.066666667,1.013941614,4.778772623
batter_home_runs,2023-08-03T23:10:49Z,Over,Yordan Alvarez,300,0.5,1,0.25,4,1,1.013941614,4.778772623
batter_home_runs,2023-08-03T23:08:40Z,Over,Yordan Alvarez,290,0.5,1,0.256410256,4,1.025641026,1.013941614,4.778772623
batter_home_runs,2023-08-03T23:08:19Z,Over,Yordan Alvarez,320,0.5,1,0.238095238,4,0.952380952,1.013941614,4.778772623
batter_singles,2023-08-03T23:08:18Z,Over,Yordan Alvarez,125,0.5,1,0.444444444,2.5,1.111111111,1.167027417,4.778772623
batter_singles,2023-08-03T23:08:54Z,Over,Yordan Alvarez,-110,0.5,1,0.523809524,2.5,1.30952381,1.167027417,4.778772623
batter_singles,2023-08-03T23:08:24Z,Over,Yordan Alvarez,125,0.5,1,0.444444444,2.5,1.111111111,1.167027417,4.778772623
batter_singles,2023-08-03T23:08:19Z,Over,Yordan Alvarez,120,0.5,1,0.454545455,2.5,1.136363636,1.167027417,4.778772623
batter_doubles,2023-08-03T23:08:18Z,Over,Yordan Alvarez,370,0.5,1,0.212765957,3,0.638297872,0.635452171,4.778772623
batter_doubles,2023-08-03T23:08:54Z,Over,Yordan Alvarez,450,0.5,1,0.181818182,3,0.545454545,0.635452171,4.778772623
batter_doubles,2023-08-03T23:08:24Z,Over,Yordan Alvarez,360,0.5,1,0.217391304,3,0.652173913,0.635452171,4.778772623
batter_doubles,2023-08-03T23:08:19Z,Over,Yordan Alvarez,325,0.5,1,0.235294118,3,0.705882353,0.635452171,4.778772623
batter_runs_scored,2023-08-03T23:08:18Z,Over,Yordan Alvarez,100,0.5,1,0.5,2,1,0.992005062,4.778772623
batter_runs_scored,2023-08-03T23:08:54Z,Over,Yordan Alvarez,850,2.5,3,0.105263158,2,0.631578947,0.992005062,4.778772623
batter_runs_scored,2023-08-03T23:08:54Z,Over,Yordan Alvarez,-120,0.5,1,0.545454545,2,1.090909091,0.992005062,4.778772623
batter_runs_scored,2023-08-03T23:08:54Z,Over,Yordan Alvarez,230,1.5,2,0.303030303,2,1.212121212,0.992005062,4.778772623
batter_runs_scored,2023-08-03T23:08:24Z,Over,Yordan Alvarez,100,0.5,1,0.5,2,1,0.992005062,4.778772623
batter_runs_scored,2023-08-03T23:08:40Z,Over,Yordan Alvarez,105,0.5,1,0.487804878,2,0.975609756,0.992005062,4.778772623
batter_runs_scored,2023-08-03T23:08:19Z,Over,Yordan Alvarez,-107,0.5,1,0.516908213,2,1.033816425,0.992005062,4.778772623
batter_walks,2023-08-03T23:08:18Z,Over,Yordan Alvarez,130,0.5,1,0.434782609,2,0.869565217,0.869565217,4.778772623
batter_strikeouts,2023-08-03T23:08:18Z,Over,Yordan Alvarez,-200,0.5,1,0.666666667,-1,-0.666666667,-0.666666667,4.778772623
batter_rbis,2023-08-03T23:08:18Z,Over,Yordan Alvarez,145,0.5,1,0.408163265,2,0.816326531,0.767447809,4.778772623
batter_rbis,2023-08-03T23:08:54Z,Over,Yordan Alvarez,340,1.5,2,0.227272727,2,0.909090909,0.767447809,4.778772623
batter_rbis,2023-08-03T23:08:54Z,Over,Yordan Alvarez,850,2.5,3,0.105263158,2,0.631578947,0.767447809,4.778772623
batter_rbis,2023-08-03T23:08:54Z,Over,Yordan Alvarez,2200,3.5,4,0.043478261,2,0.347826087,0.767447809,4.778772623
batter_rbis,2023-08-03T23:08:54Z,Over,Yordan Alvarez,105,0.5,1,0.487804878,2,0.975609756,0.767447809,4.778772623
batter_rbis,2023-08-03T23:08:40Z,Over,Yordan Alvarez,140,0.5,1,0.416666667,2,0.833333333,0.767447809,4.778772623
batter_rbis,2023-08-03T23:08:19Z,Over,Yordan Alvarez,133,0.5,1,0.429184549,2,0.858369099,0.767447809,4.778772623
batter_home_runs,2023-08-03T23:10:49Z,Over,William McKinney,500,0.5,1,0.166666667,4,0.666666667,0.666666667,0.666666667
batter_home_runs,2023-08-03T23:11:33Z,Over,Yordan lvarez,275,0.5,1,0.266666667,4,1.066666667,1.066666667,3.530136315
batter_home_runs,2023-08-03T23:08:27Z,Over,Yordan lvarez,275,0.5,1,0.266666667,4,1.066666667,1.066666667,3.530136315
batter_doubles,2023-08-03T23:11:33Z,Over,Yordan lvarez,450,0.5,1,0.181818182,3,0.545454545,0.545454545,3.530136315
batter_doubles,2023-08-03T23:08:27Z,Over,Yordan lvarez,450,0.5,1,0.181818182,3,0.545454545,0.545454545,3.530136315
batter_runs_scored,2023-08-03T23:11:33Z,Over,Yordan lvarez,-106,0.5,1,0.514563107,2,1.029126214,1.029126214,3.530136315
batter_runs_scored,2023-08-03T23:08:27Z,Over,Yordan lvarez,-106,0.5,1,0.514563107,2,1.029126214,1.029126214,3.530136315
batter_rbis,2023-08-03T23:11:33Z,Over,Yordan lvarez,125,0.5,1,0.444444444,2,0.888888889,0.888888889,3.530136315
batter_rbis,2023-08-03T23:08:27Z,Over,Yordan lvarez,125,0.5,1,0.444444444,2,0.888888889,0.888888889,3.530136315
batter_home_runs,2023-08-03T23:08:40Z,Over,No Home Run,325,0.5,1,0.235294118,4,0.941176471,0.941176471,0.941176471
batter_runs_scored,2023-08-03T23:08:40Z,Over,Jeremy Pea,125,0.5,1,0.444444444,2,0.888888889,0.888888889,0.888888889
batter_runs_scored,2023-08-03T23:08:40Z,Over,Martn Maldonado,270,0.5,1,0.27027027,2,0.540540541,0.540540541,0.540540541